-- phpMyAdmin SQL Dump
-- version 5.1.1
-- https://www.phpmyadmin.net/
--
-- Host: 127.0.0.1:3306
-- Generation Time: Jul 22, 2023 at 05:48 AM
-- Server version: 10.5.19-MariaDB-cll-lve
-- PHP Version: 7.2.34

SET SQL_MODE = "NO_AUTO_VALUE_ON_ZERO";
START TRANSACTION;
SET time_zone = "+00:00";


/*!40101 SET @OLD_CHARACTER_SET_CLIENT=@@CHARACTER_SET_CLIENT */;
/*!40101 SET @OLD_CHARACTER_SET_RESULTS=@@CHARACTER_SET_RESULTS */;
/*!40101 SET @OLD_COLLATION_CONNECTION=@@COLLATION_CONNECTION */;
/*!40101 SET NAMES utf8mb4 */;

--
-- Database: `u558773555_gpt`
--

-- --------------------------------------------------------

--
-- Table structure for table `add_tokens`
--

CREATE TABLE `add_tokens` (
  `id` bigint(20) UNSIGNED NOT NULL,
  `user_id` varchar(255) NOT NULL,
  `token` varchar(255) NOT NULL,
  `amount` varchar(255) NOT NULL,
  `payment_id` varchar(255) NOT NULL,
  `created_at` timestamp NULL DEFAULT NULL,
  `updated_at` timestamp NULL DEFAULT NULL
) ENGINE=InnoDB DEFAULT CHARSET=utf8mb4 COLLATE=utf8mb4_unicode_ci;

--
-- Dumping data for table `add_tokens`
--

INSERT INTO `add_tokens` (`id`, `user_id`, `token`, `amount`, `payment_id`, `created_at`, `updated_at`) VALUES
(1, '2', '20', '4800', 'pi_3NRWMWSAOpagBUom1n42V1vu', '2023-07-08 08:19:37', '2023-07-08 08:19:37'),
(2, '2', '1', '12', 'pi_3NRWPhSAOpagBUom0sGXUJQy', '2023-07-08 08:22:53', '2023-07-08 08:22:53'),
(3, '5', '1', '12', 'pi_3NRuetSAABMYiplF1Ytv8j6O', '2023-07-09 10:16:30', '2023-07-09 10:16:30'),
(4, '5', '10', '500', 'pi_3NVe5gAueLHsA92u1seNCuHf', '2023-07-19 17:23:14', '2023-07-19 17:23:14'),
(5, '5', '10', '500', 'pi_3NVe6YAueLHsA92u18jGihxV', '2023-07-19 17:24:07', '2023-07-19 17:24:07');

-- --------------------------------------------------------

--
-- Table structure for table `audio_contents`
--

CREATE TABLE `audio_contents` (
  `id` int(11) NOT NULL,
  `document_id` int(11) NOT NULL,
  `file` varchar(255) DEFAULT NULL,
  `seconds` int(11) DEFAULT NULL,
  `text` text DEFAULT NULL,
  `created_at` timestamp NULL DEFAULT NULL,
  `updated_at` timestamp NULL DEFAULT NULL,
  `deleted_at` timestamp NULL DEFAULT NULL,
  `deleted_by` bigint(20) UNSIGNED DEFAULT NULL
) ENGINE=InnoDB DEFAULT CHARSET=utf8mb4 COLLATE=utf8mb4_unicode_ci;

-- --------------------------------------------------------

--
-- Table structure for table `billing_histories`
--

CREATE TABLE `billing_histories` (
  `billing_id` bigint(20) UNSIGNED NOT NULL,
  `payment_id` varchar(255) DEFAULT NULL,
  `user_id` bigint(20) UNSIGNED NOT NULL,
  `plan_id` int(11) DEFAULT NULL,
  `amount` decimal(10,2) NOT NULL,
  `currency` varchar(10) DEFAULT NULL,
  `interval` varchar(20) DEFAULT NULL,
  `product` text DEFAULT NULL,
  `coupon` text DEFAULT NULL,
  `tax_rates` text DEFAULT NULL,
  `seller` text DEFAULT NULL,
  `customer` text DEFAULT NULL,
  `billing_date` datetime NOT NULL,
  `processor` varchar(255) DEFAULT NULL,
  `status` varchar(16) DEFAULT NULL,
  `created_at` timestamp NULL DEFAULT NULL,
  `updated_at` timestamp NULL DEFAULT NULL
) ENGINE=InnoDB DEFAULT CHARSET=utf8mb4 COLLATE=utf8mb4_unicode_ci;

--
-- Dumping data for table `billing_histories`
--

INSERT INTO `billing_histories` (`billing_id`, `payment_id`, `user_id`, `plan_id`, `amount`, `currency`, `interval`, `product`, `coupon`, `tax_rates`, `seller`, `customer`, `billing_date`, `processor`, `status`, `created_at`, `updated_at`) VALUES
(1, 'ch_3NRuZwSAABMYiplF01WoTCQ4', 5, 13, '300.00', 'USD', 'year', NULL, NULL, 'true', NULL, NULL, '2023-07-09 10:11:46', 'stripe', 'completed', NULL, NULL),
(2, 'ch_3NRv1ySAABMYiplF1Puq69C3', 13, 13, '300.00', 'USD', 'month', NULL, NULL, 'true', NULL, NULL, '2023-07-09 10:39:59', 'stripe', 'completed', NULL, NULL),
(3, 'ch_3NS4eqSAABMYiplF1itU8Wyr', 5, 15, '100.00', 'USD', 'year', NULL, NULL, 'true', NULL, NULL, '2023-07-09 20:56:48', 'stripe', 'completed', NULL, NULL),
(4, 'ch_3NSFLUSAABMYiplF0Q027Tdd', 13, 13, '300.00', 'USD', 'month', NULL, NULL, 'true', NULL, NULL, '2023-07-10 08:21:31', 'stripe', 'completed', NULL, NULL),
(5, 'ch_3NSFNQSAABMYiplF1m0pATSP', 13, 13, '300.00', 'USD', 'month', NULL, NULL, 'true', NULL, NULL, '2023-07-10 08:23:31', 'stripe', 'completed', NULL, NULL),
(6, 'ch_3NSFRBSAABMYiplF1Eor3fd9', 13, 2, '30.00', 'USD', 'month', NULL, NULL, 'true', NULL, NULL, '2023-07-10 08:27:23', 'stripe', 'completed', NULL, NULL),
(7, 'ch_3NSFSySAABMYiplF00eDXydr', 13, 13, '300.00', 'USD', 'month', NULL, NULL, 'true', NULL, NULL, '2023-07-10 08:29:15', 'stripe', 'completed', NULL, NULL),
(8, 'ch_3NSFpbSAABMYiplF1USB3usW', 13, 13, '300.00', 'USD', 'month', NULL, NULL, 'true', NULL, NULL, '2023-07-10 08:52:38', 'stripe', 'completed', NULL, NULL),
(9, 'ch_3NSPbYSAABMYiplF0yDz7LPT', 13, 2, '300.00', 'USD', 'year', NULL, NULL, 'true', NULL, NULL, '2023-07-10 19:18:48', 'stripe', 'completed', NULL, NULL),
(10, 'ch_3NSPchSAABMYiplF1HEdAUED', 13, 13, '300.00', 'USD', 'month', NULL, NULL, 'true', NULL, NULL, '2023-07-10 19:19:59', 'stripe', 'completed', NULL, NULL),
(11, 'ch_3NSQ8tSAABMYiplF04JI8USW', 13, 2, '300.00', 'USD', 'year', NULL, NULL, 'true', NULL, NULL, '2023-07-10 19:53:16', 'stripe', 'completed', NULL, NULL),
(12, 'ch_3NTRNrAueLHsA92u1laaqE13', 17, 16, '10.00', 'USD', 'month', NULL, NULL, 'true', NULL, NULL, '2023-07-13 15:24:50', 'stripe', 'completed', NULL, NULL),
(13, 'ch_3NTqRNAueLHsA92u0m6U86aA', 58, 2, '30.00', 'USD', 'month', NULL, NULL, 'true', NULL, NULL, '2023-07-14 18:10:09', 'stripe', 'completed', NULL, NULL),
(14, 'ch_3NVTQfAueLHsA92u1p8BtnYI', 5, 2, '30.00', 'USD', 'month', NULL, NULL, 'true', NULL, NULL, '2023-07-19 06:00:10', 'stripe', 'completed', NULL, NULL),
(15, 'ch_3NVTSLAueLHsA92u1kDjYhTu', 5, 19, '10.00', 'USD', 'month', NULL, NULL, 'true', NULL, NULL, '2023-07-19 06:01:53', 'stripe', 'completed', NULL, NULL),
(16, 'ch_3NVswJAueLHsA92u0VYr6eU0', 71, 19, '10.00', 'USD', 'month', NULL, NULL, 'true', NULL, NULL, '2023-07-20 09:14:31', 'stripe', 'completed', NULL, NULL),
(17, 'ch_3NVtCAAueLHsA92u1F53d0lT', 71, 21, '20.00', 'USD', 'month', NULL, NULL, 'true', NULL, NULL, '2023-07-20 09:30:56', 'stripe', 'completed', NULL, NULL);

-- --------------------------------------------------------

--
-- Table structure for table `chat`
--

CREATE TABLE `chat` (
  `id` bigint(20) UNSIGNED NOT NULL,
  `user_id` int(11) NOT NULL,
  `chat` text DEFAULT NULL,
  `response` text DEFAULT NULL,
  `created_at` timestamp NULL DEFAULT NULL,
  `updated_at` timestamp NULL DEFAULT NULL
) ENGINE=InnoDB DEFAULT CHARSET=utf8mb4 COLLATE=utf8mb4_unicode_ci;

-- --------------------------------------------------------

--
-- Table structure for table `chat_contents`
--

CREATE TABLE `chat_contents` (
  `id` bigint(20) UNSIGNED NOT NULL,
  `chat_id` int(11) NOT NULL,
  `user_id` int(11) NOT NULL,
  `prompt` text DEFAULT NULL,
  `content` text DEFAULT NULL,
  `word_count` int(11) NOT NULL,
  `created_at` timestamp NOT NULL DEFAULT current_timestamp()
) ENGINE=InnoDB DEFAULT CHARSET=utf8mb4 COLLATE=utf8mb4_unicode_ci;

--
-- Dumping data for table `chat_contents`
--

INSERT INTO `chat_contents` (`id`, `chat_id`, `user_id`, `prompt`, `content`, `word_count`, `created_at`) VALUES
(1, 1, 5, 'hi', 'Hello! How can I assist you today?', 7, '2023-07-11 19:55:16'),
(2, 1, 5, 'can you give me a motivational quotes', '\"Believe you can and you\'re halfway there.\" - Theodore Roosevelt\n\n\"Don\'t watch the clock; do what it does. Keep going.\" - Sam Levenson\n\n\"The only way to do great work is to love what you do.\" - Steve Jobs\n\n\"No matter how hard the past, you can always begin again.\" - Buddha\n\n\"You are never too old to set another goal or dream a new dream.\" - C.S. Lewis', 69, '2023-07-11 19:55:34');

-- --------------------------------------------------------

--
-- Table structure for table `coupons`
--

CREATE TABLE `coupons` (
  `id` int(10) UNSIGNED NOT NULL,
  `name` varchar(255) NOT NULL,
  `code` varchar(255) NOT NULL,
  `percentage` decimal(5,2) DEFAULT NULL,
  `quantity` int(11) DEFAULT NULL,
  `quantity_redeemed` int(11) DEFAULT NULL,
  `status` enum('active','inactive') NOT NULL DEFAULT 'active',
  `created_at` timestamp NULL DEFAULT NULL,
  `updated_at` timestamp NULL DEFAULT NULL,
  `deleted_at` timestamp NULL DEFAULT NULL
) ENGINE=InnoDB DEFAULT CHARSET=utf8mb4 COLLATE=utf8mb4_unicode_ci;

-- --------------------------------------------------------

--
-- Table structure for table `email_templates`
--

CREATE TABLE `email_templates` (
  `id` bigint(20) UNSIGNED NOT NULL,
  `name` varchar(128) NOT NULL,
  `subject` varchar(128) NOT NULL,
  `body` blob NOT NULL,
  `modified_at` timestamp NOT NULL DEFAULT current_timestamp(),
  `modified_by` bigint(20) UNSIGNED NOT NULL
) ENGINE=InnoDB DEFAULT CHARSET=utf8mb4 COLLATE=utf8mb4_unicode_ci;

--
-- Dumping data for table `email_templates`
--

INSERT INTO `email_templates` (`id`, `name`, `subject`, `body`, `modified_at`, `modified_by`) VALUES
(1, 'Reset Password', 'Reset Your Password', 0x4869207b66697273744e616d657d2c3c62723e3c62723e596f752068617665207375626d697474656420612070617373776f726420726573657420666f7220796f7572206163636f756e742e204966207468697320776173206e6f7420796f752c2073696d706c792069676e6f7265207468697320656d61696c2e2042757420696620796f75206469642c20636c69636b206f6e2074686973206c696e6b207b70617373776f726452657365744c696e6b7d20746f20726573657420796f75722070617373776f72642e204966207468617420646f65736e277420776f726b2c20636f707920616e642070617374652074686973206c696e6b20746f20796f75722062726f777365722e, '2023-05-26 01:01:26', 1),
(2, 'Password Reset Notification', 'Your Password has been reset', 0x4869207b66697273744e616d657d2c3c62723e3c62723e596f75722070617373776f726420686173206265656e207265736574207375636365737366756c6c7921, '2023-05-26 01:01:26', 1),
(3, 'Registration', 'Welcome to our AI-powered content writing platform!', 0x4869207b66697273744e616d657d2c3c62723e3c62723e57656c636f6d6520746f207b636f6d70616e794e616d657d2e204f75722041492d706f776572656420636f6e74656e742077726974696e6720706c6174666f726d206372656174657320706572736f6e616c697a65642c20686967682d7175616c69747920636f6e74656e74207468617420656e676167657320796f75722061756469656e636520616e6420647269766573207472616666696320746f20796f757220776562736974652e205768657468657220796f75206e65656420626c6f6720706f7374732c20736f6369616c206d6564696120757064617465732c206f722070726f64756374206465736372697074696f6e732c206f757220706c6174666f726d2068617320676f7420796f7520636f76657265642e2057697468206f75722074696d652d736176696e6720636f6e74656e74206372656174696f6e20616e642053454f206f7074696d697a6174696f6e2c20796f752063616e20666f637573206f6e206f746865722061737065637473206f6620796f757220627573696e657373207768696c652077652068656c7020796f752067726f772e204f7572207465616d206f66206578706572747320697320616c77617973206865726520746f2068656c702e205468616e6b20796f7520666f722063686f6f73696e67206f757220706c6174666f726d21, '2023-05-26 01:01:26', 1),
(4, 'Subscription Payment', 'You\'ve paid your subscription successfully!', 0x4869207b66697273744e616d657d2c3c62723e3c62723e596f7572207061796d656e7420666f7220737562736372697074696f6e20706c616e207b706c616e7d20686173206265656e207265636569766564207375636365737366756c6c792e20596f752063616e20636f6e74696e756520656e6a6f79696e67206f75722073657276696365732e3c62723e3c62723e4265737420726567617264732c, '2023-05-26 01:01:26', 1),
(5, 'Contact Us - Admin', 'New Enquiry From {email}', 0x48692c3c62723e3c62723e596f7520686176652072656365697665642061206e657720636f6e7461637420726571756573742066726f6d3a3c62723e3c62723e4e616d653a207b66697273744e616d657d207b6c6173744e616d657d3c62723e456d61696c203a207b656d61696c7d3c62723e44657461696c73203a207b64657461696c737d3c62723e3c62723e4265737420726567617264732c, '2023-05-26 01:01:26', 1),
(6, 'Contact Us - Customer', 'Your Enquiry to {companyName}', 0x4869207b66697273744e616d657d2c3c62723e3c62723e596f75206861766520637265617465642074686520666f6c6c6f77696e67207265717565737420746f207b636f6d70616e794e616d657d3a3c62723e3c62723e4e616d653a207b66697273744e616d657d207b6c6173744e616d657d3c62723e456d61696c203a207b656d61696c7d3c62723e44657461696c73203a207b64657461696c737d3c62723e3c62723e4265737420726567617264732c, '2023-05-26 01:01:26', 1);

-- --------------------------------------------------------

--
-- Table structure for table `favorite_templates`
--

CREATE TABLE `favorite_templates` (
  `template_id` bigint(20) UNSIGNED NOT NULL,
  `user_id` bigint(20) UNSIGNED NOT NULL
) ENGINE=InnoDB DEFAULT CHARSET=utf8mb4 COLLATE=utf8mb4_unicode_ci;

--
-- Dumping data for table `favorite_templates`
--

INSERT INTO `favorite_templates` (`template_id`, `user_id`) VALUES
(53, 5),
(53, 7),
(53, 13),
(56, 2),
(56, 5),
(56, 13),
(57, 17),
(58, 17);

-- --------------------------------------------------------

--
-- Table structure for table `image_contents`
--

CREATE TABLE `image_contents` (
  `id` int(11) NOT NULL,
  `document_id` int(11) NOT NULL,
  `resolution` varchar(255) DEFAULT NULL,
  `url` varchar(64) DEFAULT NULL,
  `created_at` timestamp NULL DEFAULT NULL,
  `updated_at` timestamp NULL DEFAULT NULL,
  `deleted_at` timestamp NULL DEFAULT NULL,
  `deleted_by` bigint(20) UNSIGNED DEFAULT NULL
) ENGINE=InnoDB DEFAULT CHARSET=utf8mb4 COLLATE=utf8mb4_unicode_ci;

--
-- Dumping data for table `image_contents`
--

INSERT INTO `image_contents` (`id`, `document_id`, `resolution`, `url`, `created_at`, `updated_at`, `deleted_at`, `deleted_by`) VALUES
(1, 27, '512x512', '84f862b4-909d-45b3-b87c-bef9df28f678.jpg', '2023-07-11 20:01:41', '2023-07-11 20:01:41', NULL, NULL),
(2, 27, '512x512', '9e4d83ba-d64a-4738-aac3-b6e9b843d265.jpg', '2023-07-11 20:03:29', '2023-07-11 20:03:29', NULL, NULL),
(3, 27, '512x512', 'b55b11b6-c655-4f22-a4ab-49c35064e26f.jpg', '2023-07-11 20:03:59', '2023-07-11 20:03:59', NULL, NULL);

-- --------------------------------------------------------

--
-- Table structure for table `integrations`
--

CREATE TABLE `integrations` (
  `id` bigint(20) UNSIGNED NOT NULL,
  `name` varchar(128) NOT NULL,
  `type` varchar(128) NOT NULL,
  `description` text NOT NULL,
  `logo` varchar(128) DEFAULT NULL,
  `data` text DEFAULT NULL,
  `status` tinyint(3) UNSIGNED NOT NULL DEFAULT 0,
  `updated_at` timestamp NULL DEFAULT NULL
) ENGINE=InnoDB DEFAULT CHARSET=utf8mb4 COLLATE=utf8mb4_unicode_ci;

--
-- Dumping data for table `integrations`
--

INSERT INTO `integrations` (`id`, `name`, `type`, `description`, `logo`, `data`, `status`, `updated_at`) VALUES
(1, 'Open AI', 'ai', 'AI language processing models.', 'open-ai.png', 'a:2:{s:7:\"api_key\";s:51:\"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\";s:5:\"model\";s:13:\"gpt-3.5-turbo\";}', 0, '2023-05-26 01:01:26'),
(2, 'Stripe', 'payment', 'Collect payments automatically.', 'stripe-logo.png', 'a:3:{s:15:\"publishable_key\";s:107:\"pk_test_51NTR30AueLHsA92usdKDlMQxNF8l8LqnItMOJZQ6vDNgYsLA2ku5U8xheYHjGZ72OB7bimCLrGulSdvaXklP7kQo00gVnQBurS\";s:10:\"secret_key\";s:107:\"sk_test_51NTR30AueLHsA92uDwByfKxYN6kNpXjvZ376NNlJoQJ6NeARdmVRADuq7oV0MYMgDryol2kXGfQqQSBDNt7UkiwI00BXpbGGxf\";s:14:\"webhook_secret\";s:38:\"whsec_mGXB8SjM4ufrmUjBhJjQkk6V1bZz1Hak\";}', 1, '2023-05-26 01:01:26'),
(3, 'Facebook', 'social', 'Social Login', 'facebook-logo.png', NULL, 0, '2023-05-26 01:01:26'),
(4, 'Google', 'social', 'Social Login', 'google-logo.png', NULL, 0, '2023-05-26 01:01:26'),
(5, 'PayPal', 'social', 'Collect payments automatically.', 'paypal.png', NULL, 0, '2023-05-26 01:01:26'),
(6, 'Paystack', 'social', 'Collect payments automatically.', 'paystack.svg', NULL, 0, '2023-05-26 01:01:26'),
(7, 'Coinbase', 'social', 'Collect payments automatically.', 'coinbase.png', NULL, 0, '2023-05-26 01:01:26'),
(8, 'Razorpay', 'social', 'Collect payments automatically.', 'razorpay.png', NULL, 1, '2023-05-26 01:01:26');

-- --------------------------------------------------------

--
-- Table structure for table `migrations`
--

CREATE TABLE `migrations` (
  `id` int(10) UNSIGNED NOT NULL,
  `migration` varchar(255) NOT NULL,
  `batch` int(11) NOT NULL
) ENGINE=InnoDB DEFAULT CHARSET=utf8mb4 COLLATE=utf8mb4_unicode_ci;

--
-- Dumping data for table `migrations`
--

INSERT INTO `migrations` (`id`, `migration`, `batch`) VALUES
(1, '2019_12_14_000001_create_personal_access_tokens_table', 1),
(2, '2023_02_16_105136_billing_histories', 1),
(3, '2023_02_16_105631_email_templates', 1),
(4, '2023_02_16_105844_favorite_templates', 1),
(5, '2023_02_16_105905_integrations', 1),
(6, '2023_02_16_105944_password_resets', 1),
(7, '2023_02_16_111030_projects', 1),
(8, '2023_02_16_111053_project_templates', 1),
(9, '2023_02_16_111114_project_template_categories', 1),
(10, '2023_02_16_111146_project_contents', 1),
(11, '2023_02_16_112711_settings', 1),
(12, '2023_02_16_112935_subscription_plans', 1),
(13, '2023_02_16_112958_subscription_plans_logs', 1),
(14, '2023_02_16_113022_templates', 1),
(15, '2023_02_16_113042_users', 1),
(16, '2023_02_16_113103_user_subscriptions', 1),
(17, '2023_02_28_163331_create_pages_table', 1),
(18, '2023_02_28_171912_create_reviews_table', 1),
(19, '2023_03_11_063117_add_column_to_table', 1),
(20, '2023_03_11_063435_add_column_to_table', 1),
(21, '2023_03_11_063745_add_column_to_table', 1),
(22, '2023_03_19_052934_create_tax_rates_table', 1),
(23, '2023_03_19_053013_create_coupons_table', 1),
(24, '2023_03_23_081626_update_billing_histories_table', 1),
(25, '2023_03_23_082514_update_subscription_plans_table', 1),
(26, '2023_03_23_084009_update_users_table', 1),
(27, '2023_03_23_084603_update_user_subscriptions_table', 1),
(28, '2023_03_23_095152_update_user_subscriptions_table', 1),
(29, '2023_03_23_101400_update_billing_histories_table', 1),
(30, '2023_03_25_151149_create_image_content_table', 1),
(31, '2023_03_25_225309_update_projects_table', 1),
(32, '2023_03_29_062752_create_audio_content_table', 1),
(33, '2023_05_11_111729_create_chat_table', 1),
(34, '2023_05_11_111935_create_chat_contents_table', 1),
(35, '2023_05_11_113001_change_project_contents_column_type', 1),
(36, '2023_05_11_113709_change_reviews_status_column_type', 1),
(37, '2023_05_11_114401_add_columns_to_subscription_plans', 1),
(38, '2023_05_11_115250_modify_users_table', 1),
(39, '2023_05_14_163838_create_sub_categories_table', 1),
(40, '2023_07_07_143511_create_add_tokens_table', 2);

-- --------------------------------------------------------

--
-- Table structure for table `pages`
--

CREATE TABLE `pages` (
  `id` bigint(20) UNSIGNED NOT NULL,
  `name` varchar(255) NOT NULL,
  `title` varchar(255) NOT NULL,
  `content` blob DEFAULT NULL,
  `created_at` timestamp NULL DEFAULT NULL,
  `updated_at` timestamp NULL DEFAULT NULL
) ENGINE=InnoDB DEFAULT CHARSET=utf8mb4 COLLATE=utf8mb4_unicode_ci;

--
-- Dumping data for table `pages`
--

INSERT INTO `pages` (`id`, `name`, `title`, `content`, `created_at`, `updated_at`) VALUES
(1, 'home', 'Home', 0x3c64697620636c6173733d22636f6e7461696e657220636f6e74656e742d73706163652d742d3420636f6e74656e742d73706163652d742d6c672d3220636f6e74656e742d73706163652d622d31223e0a202020203c64697620636c6173733d22772d6c672d363520746578742d63656e746572206d782d6c672d6175746f223e0a202020203c683220636c6173733d22746578742d6361706974616c697a65223e457870657269656e6365207468652066756c6c20706f776572206f6620616e20414920636f6e74656e742047656e657261746f7220746861742064656c6976657273203c7370616e20636c6173733d22746578742d6772616469656e74223e7072656d69756d20726573756c74733c2f7370616e3e20696e204d696e757465732e3c2f68323e0a202020203c683120636c6173733d22746578742d6772616469656e7420646973706c61792d32206d742d35206d622d33223e3130302c3030302c3030302b3c2f68313e0a202020203c68333e436f6e74656e742047656e6572617465643c2f68333e0a0a202020203c64697620636c6173733d226d742d37206d622d33223e0a20202020202020203c6120636c6173733d2262746e2062746e2d6461726b2062746e2d706f696e7465722220687265663d2268747470733a2f2f636f6e7665727465722e677074646f6d61696e652e636f6d2f7369676e7570223e476574205374617274656420e28095204974277320467265653c2f613e0a202020203c2f6469763e0a0a2020202020202020202020203c64697620636c6173733d22746578742d63656e746572206d622d34223e0a20202020202020203c7020636c6173733d2266732d3620746578742d6d75746564206d622d30223e2031302044617973204672656520547269616c21204e6f20436172642052657175697265642e3c2f703e0a202020203c2f6469763e20200a20202020202020203c2f6469763e0a3c2f6469763e0a3c212d2d20456e642048656164696e67202d2d3e0a3c64697620636c6173733d22636f6e7461696e6572223e0a202020203c64697620636c6173733d22726f77223e0a202020203c64697620636c6173733d22636f6c2d736d2d3620636f6c2d6c672d34206d622d35223e0a20202020202020203c6120636c6173733d226361726420636172642d7472616e736974696f6e2062672d677265792d6c696768742062672d7761766520626f726465722d3020702d3520726f756e6465642220687265663d2268747470733a2f2f636f6e7665727465722e677074646f6d61696e652e636f6d2f7369676e7570223e0a20202020202020203c64697620636c6173733d22636172642d626f647920702d30223e0a2020202020202020202020203c64697620636c6173733d22726f77223e0a2020202020202020202020203c64697620636c6173733d22636f6c2d6d642d3132223e0a202020202020202020202020202020203c683420636c6173733d226d622d31223e426c6f6720436f6e74656e743c2f68343e0a202020202020202020202020202020203c7020636c6173733d226d622d31223e5772697465206f7074696d697a656420626c6f6720706f73747320696e2061206672616374696f6e206f66207468652074696d652e3c2f703e0a202020202020202020202020202020203c7020636c6173733d226c696e6b206c696e6b2d706f696e746572206d622d30223e547279204e6f773c2f703e0a2020202020202020202020203c2f6469763e0a2020202020202020202020203c2f6469763e0a20202020202020203c2f6469763e0a20202020202020203c2f613e0a202020203c2f6469763e0a202020203c212d2d20456e6420436f6c202d2d3e0a0a202020203c64697620636c6173733d22636f6c2d736d2d3620636f6c2d6c672d34206d622d35223e0a20202020202020203c6120636c6173733d226361726420636172642d7472616e736974696f6e2062672d677265792d6c696768742062672d7761766520626f726465722d3020702d3520726f756e6465642220687265663d2268747470733a2f2f636f6e7665727465722e677074646f6d61696e652e636f6d2f7369676e7570223e0a20202020202020203c64697620636c6173733d22636172642d626f647920702d30223e0a2020202020202020202020203c64697620636c6173733d22726f77223e0a2020202020202020202020203c64697620636c6173733d22636f6c2d6d642d3132223e0a202020202020202020202020202020203c683420636c6173733d226d622d31223e65436f6d6d6572636520436f70793c2f68343e0a202020202020202020202020202020203c7020636c6173733d226d622d31223e496e6372656173652073616c65732077697468206265747465722070726f64756374206465736372697074696f6e732e3c2f703e0a202020202020202020202020202020203c7020636c6173733d226c696e6b206c696e6b2d706f696e746572206d622d30223e547279204e6f773c2f703e0a2020202020202020202020203c2f6469763e0a2020202020202020202020203c2f6469763e0a20202020202020203c2f6469763e0a20202020202020203c2f613e0a202020203c2f6469763e0a202020203c212d2d20456e6420436f6c202d2d3e0a0a202020203c64697620636c6173733d22636f6c2d736d2d3620636f6c2d6c672d34206d622d35223e0a20202020202020203c6120636c6173733d226361726420636172642d7472616e736974696f6e2062672d677265792d6c696768742062672d7761766520626f726465722d3020702d3520726f756e6465642220687265663d2268747470733a2f2f636f6e7665727465722e677074646f6d61696e652e636f6d2f7369676e7570223e0a20202020202020203c64697620636c6173733d22636172642d626f647920702d30223e0a2020202020202020202020203c64697620636c6173733d22726f77223e0a2020202020202020202020203c64697620636c6173733d22636f6c2d6d642d3132223e0a202020202020202020202020202020203c683420636c6173733d226d622d31223e53616c657320436f70793c2f68343e0a202020202020202020202020202020203c7020636c6173733d226d622d31223e436f6e7665727420796f75722061756469656e6365207769746820636f707920746861742073656c6c732e3c2f703e0a202020202020202020202020202020203c7020636c6173733d226c696e6b206c696e6b2d706f696e746572206d622d30223e547279204e6f773c2f703e0a2020202020202020202020203c2f6469763e0a2020202020202020202020203c2f6469763e0a20202020202020203c2f6469763e0a20202020202020203c2f613e0a202020203c2f6469763e0a202020203c212d2d20456e6420436f6c202d2d3e0a0a202020203c64697620636c6173733d22636f6c2d736d2d3620636f6c2d6c672d34206d622d35223e0a20202020202020203c6120636c6173733d226361726420636172642d7472616e736974696f6e2062672d677265792d6c696768742062672d7761766520626f726465722d3020702d3520726f756e6465642220687265663d2268747470733a2f2f636f6e7665727465722e677074646f6d61696e652e636f6d2f7369676e7570223e0a20202020202020203c64697620636c6173733d22636172642d626f647920702d30223e0a2020202020202020202020203c64697620636c6173733d22726f77223e0a2020202020202020202020203c64697620636c6173733d22636f6c2d6d642d3132223e0a202020202020202020202020202020203c683420636c6173733d226d622d31223e536f6369616c204d6564696120436f6e74656e743c2f68343e0a202020202020202020202020202020203c7020636c6173733d226d622d31223e456e6761676520796f75722061756469656e6365207769746820636f6d70656c6c696e6720736f6369616c20636f70792e3c2f703e0a202020202020202020202020202020203c7020636c6173733d226c696e6b206c696e6b2d706f696e746572206d622d30223e547279204e6f773c2f703e0a2020202020202020202020203c2f6469763e0a2020202020202020202020203c2f6469763e0a20202020202020203c2f6469763e0a20202020202020203c2f613e0a202020203c2f6469763e0a202020203c212d2d20456e6420436f6c202d2d3e0a0a202020203c64697620636c6173733d22636f6c2d736d2d3620636f6c2d6c672d34206d622d35223e0a20202020202020203c6120636c6173733d226361726420636172642d7472616e736974696f6e2062672d677265792d6c696768742062672d7761766520626f726465722d3020702d3520726f756e6465642220687265663d2268747470733a2f2f636f6e7665727465722e677074646f6d61696e652e636f6d2f7369676e7570223e0a20202020202020203c64697620636c6173733d22636172642d626f647920702d30223e0a2020202020202020202020203c64697620636c6173733d22726f77223e0a2020202020202020202020203c64697620636c6173733d22636f6c2d6d642d3132223e0a202020202020202020202020202020203c683420636c6173733d226d622d31223e5765627369746520436f70793c2f68343e0a202020202020202020202020202020203c7020636c6173733d226d622d31223e4f7665726861756c20796f757220776562736974652077697468206d6f726520636f6d70656c6c696e6720636f70792e3c2f703e0a202020202020202020202020202020203c7020636c6173733d226c696e6b206c696e6b2d706f696e746572206d622d30223e547279204e6f773c2f703e0a2020202020202020202020203c2f6469763e0a2020202020202020202020203c2f6469763e0a20202020202020203c2f6469763e0a20202020202020203c2f613e0a202020203c2f6469763e0a202020203c212d2d20456e6420436f6c202d2d3e0a0a202020203c64697620636c6173733d22636f6c2d736d2d3620636f6c2d6c672d34206d622d35223e0a20202020202020203c6120636c6173733d226361726420636172642d7472616e736974696f6e2062672d677265792d6c696768742062672d7761766520626f726465722d3020702d3520726f756e6465642220687265663d2268747470733a2f2f636f6e7665727465722e677074646f6d61696e652e636f6d2f7369676e7570223e0a20202020202020203c64697620636c6173733d22636172642d626f647920702d30223e0a2020202020202020202020203c64697620636c6173733d22726f77223e0a2020202020202020202020203c64697620636c6173733d22636f6c2d6d642d3132223e0a202020202020202020202020202020203c683420636c6173733d226d622d31223e4469676974616c20416420436f70793c2f68343e0a202020202020202020202020202020203c7020636c6173733d226d622d31223e50726f6475636520636f6d70656c6c696e6720616420636f70792077697468206a75737420612066657720636c69636b732e3c2f703e0a202020202020202020202020202020203c7020636c6173733d226c696e6b206c696e6b2d706f696e746572206d622d30223e547279204e6f773c2f703e0a2020202020202020202020203c2f6469763e0a2020202020202020202020203c2f6469763e0a20202020202020203c2f6469763e0a20202020202020203c2f613e0a202020203c2f6469763e0a202020203c212d2d20456e6420436f6c202d2d3e0a202020203c2f6469763e0a202020203c212d2d20456e6420526f77202d2d3e0a3c2f6469763e0a0a3c212d2d2048656164696e67202d2d3e0a3c64697620636c6173733d22636f6e7461696e657220636f6e74656e742d73706163652d742d3220636f6e74656e742d73706163652d742d6c672d3320636f6e74656e742d73706163652d622d31223e0a202020203c64697620636c6173733d22772d6c672d363520746578742d63656e746572206d782d6c672d6175746f223e0a202020203c68313e486f7720497420576f726b733c2f68313e0a202020203c7020636c6173733d22666f6e742d3230223e5374617274207573696e67206f757220414920746f6f6c20696e206a75737420342073746570732e3c2f703e0a202020203c2f6469763e0a3c2f6469763e0a3c212d2d20456e642048656164696e67202d2d3e0a3c212d2d2053746570204665617475726573202d2d3e0a3c64697620636c6173733d22636f6e7461696e6572206d622d31302070622d313020702d3520626f726465722d626f74746f6d223e0a202020203c212d2d204c6973742053746570202d2d3e0a202020203c756c20636c6173733d226c6973742d756e7374796c6564206c6973742d73746570206c6973742d70792d33206d622d30223e0a202020203c6c6920636c6173733d226c6973742d737465702d6974656d223e0a20202020202020203c64697620636c6173733d22706f736974696f6e2d72656c617469766520726f756e6465642d332070792d31302070782d342070782d6d642d3130223e0a20202020202020203c64697620636c6173733d22726f7720616c69676e2d6974656d732d6c672d63656e746572223e0a2020202020202020202020203c64697620636c6173733d22636f6c2d6c672d35206d622d37206d622d6c672d30223e0a2020202020202020202020203c64697620636c6173733d2270652d6c672d35223e0a202020202020202020202020202020203c64697620636c6173733d226d622d35223e0a202020202020202020202020202020203c7370616e20636c6173733d22746578742d63617020746578742d7072696d617279223e5374657020313c2f7370616e3e0a202020202020202020202020202020203c68333e456e74657220796f757220636f707977726974696e672070726f6a6563743c2f68333e0a202020202020202020202020202020203c703e43686f6f73652066726f6d20656d61696c732c20736f6369616c20706f7374732c206c6f6e672d666f726d20626c6f6720706f7374732c20616e64206d6f7265213c2f703e0a202020202020202020202020202020203c2f6469763e0a2020202020202020202020203c2f6469763e0a2020202020202020202020203c2f6469763e0a2020202020202020202020203c212d2d20456e6420436f6c202d2d3e0a0a2020202020202020202020203c64697620636c6173733d22636f6c2d6c672d37223e0a2020202020202020202020203c696d6720636c6173733d22696d672d666c75696420696d672d737465707322207372633d2268747470733a2f2f636f6e7665727465722e677074646f6d61696e652e636f6d2f696d616765732f73686f77636173652f696d67312e706e672220616c743d22496d616765204465736372697074696f6e223e0a2020202020202020202020203c2f6469763e0a2020202020202020202020203c212d2d20456e6420436f6c202d2d3e0a20202020202020203c2f6469763e0a20202020202020203c212d2d20456e6420526f77202d2d3e0a0a20202020202020203c64697620636c6173733d22706f736974696f6e2d6162736f6c75746520746f702d302073746172742d3020772d31303020772d6c672d363520682d363520682d6c672d3130302062672d6c6967687420726f756e6465642d33207a692d6e31206d732d6e35223e3c2f6469763e0a20202020202020203c2f6469763e0a202020203c2f6c693e0a0a202020203c6c6920636c6173733d226c6973742d737465702d6974656d223e0a20202020202020203c64697620636c6173733d22706f736974696f6e2d72656c617469766520726f756e6465642d332070792d31302070782d342070782d6d642d3130223e0a20202020202020203c64697620636c6173733d22726f7720616c69676e2d6974656d732d6c672d63656e746572223e0a2020202020202020202020203c64697620636c6173733d22636f6c2d6c672d35206d622d37206d622d6c672d30223e0a2020202020202020202020203c64697620636c6173733d2270652d6c672d35223e0a202020202020202020202020202020203c64697620636c6173733d226d622d35223e0a202020202020202020202020202020203c7370616e20636c6173733d22746578742d63617020746578742d7072696d617279223e5374657020323c2f7370616e3e0a202020202020202020202020202020203c68333e50726f76696465206120626974206f6620636f6e746578743c2f68333e0a202020202020202020202020202020203c703e456e7465722061206665772073656e74656e6365732061626f757420796f7572206272616e6420616e642070726f64756374732e3c2f703e0a202020202020202020202020202020203c2f6469763e0a2020202020202020202020203c2f6469763e0a2020202020202020202020203c2f6469763e0a2020202020202020202020203c212d2d20456e6420436f6c202d2d3e0a0a2020202020202020202020203c64697620636c6173733d22636f6c2d6c672d37223e0a2020202020202020202020203c696d6720636c6173733d22696d672d666c75696420696d672d737465707322207372633d2268747470733a2f2f636f6e7665727465722e677074646f6d61696e652e636f6d2f696d616765732f73686f77636173652f696d67322e706e672220616c743d22496d616765204465736372697074696f6e223e0a2020202020202020202020203c2f6469763e0a2020202020202020202020203c212d2d20456e6420436f6c202d2d3e0a20202020202020203c2f6469763e0a20202020202020203c212d2d20456e6420526f77202d2d3e0a0a20202020202020203c64697620636c6173733d22706f736974696f6e2d6162736f6c75746520746f702d302073746172742d3020772d31303020772d6c672d363520682d363520682d6c672d3130302062672d6c6967687420726f756e6465642d33207a692d6e31206d732d6e35223e3c2f6469763e0a20202020202020203c2f6469763e0a202020203c2f6c693e0a0a202020203c6c6920636c6173733d226c6973742d737465702d6974656d223e0a20202020202020203c64697620636c6173733d22706f736974696f6e2d72656c617469766520726f756e6465642d332070792d31302070782d342070782d6d642d3130223e0a20202020202020203c64697620636c6173733d22726f7720616c69676e2d6974656d732d6c672d63656e746572223e0a2020202020202020202020203c64697620636c6173733d22636f6c2d6c672d35206d622d37206d622d6c672d30223e0a2020202020202020202020203c64697620636c6173733d2270652d6c672d35223e0a202020202020202020202020202020203c64697620636c6173733d226d622d35223e0a202020202020202020202020202020203c7370616e20636c6173733d22746578742d63617020746578742d7072696d617279223e5374657020333c2f7370616e3e0a202020202020202020202020202020203c68333e53696674207468726f7567682074686520726573756c74733c2f68333e0a202020202020202020202020202020203c703e4f757220414920636f6e74656e742067656e657261746f7220676976657320796f75206d756c7469706c65206f7074696f6e7320666f7220656163682063616d706169676e207468617420796f75e28099726520776f726b696e67206f6e2e3c2f703e0a202020202020202020202020202020203c2f6469763e0a2020202020202020202020203c2f6469763e0a2020202020202020202020203c2f6469763e0a2020202020202020202020203c212d2d20456e6420436f6c202d2d3e0a0a2020202020202020202020203c64697620636c6173733d22636f6c2d6c672d37223e0a2020202020202020202020203c696d6720636c6173733d22696d672d666c75696420696d672d737465707322207372633d2268747470733a2f2f636f6e7665727465722e677074646f6d61696e652e636f6d2f696d616765732f73686f77636173652f696d67332e706e672220616c743d22496d616765204465736372697074696f6e223e0a2020202020202020202020203c2f6469763e0a2020202020202020202020203c212d2d20456e6420436f6c202d2d3e0a20202020202020203c2f6469763e0a20202020202020203c212d2d20456e6420526f77202d2d3e0a0a20202020202020203c64697620636c6173733d22706f736974696f6e2d6162736f6c75746520746f702d302073746172742d3020772d31303020772d6c672d363520682d363520682d6c672d3130302062672d6c6967687420726f756e6465642d33207a692d6e31206d732d6e35223e3c2f6469763e0a20202020202020203c2f6469763e0a202020203c2f6c693e0a0a202020203c6c6920636c6173733d226c6973742d737465702d6974656d223e0a20202020202020203c64697620636c6173733d22706f736974696f6e2d72656c617469766520726f756e6465642d332070792d31302070782d342070782d6d642d3130223e0a20202020202020203c64697620636c6173733d22726f7720616c69676e2d6974656d732d6c672d63656e746572223e0a2020202020202020202020203c64697620636c6173733d22636f6c2d6c672d35206d622d37206d622d6c672d30223e0a2020202020202020202020203c64697620636c6173733d2270652d6c672d35223e0a202020202020202020202020202020203c64697620636c6173733d226d622d35223e0a202020202020202020202020202020203c7370616e20636c6173733d22746578742d63617020746578742d7072696d617279223e5374657020343c2f7370616e3e0a202020202020202020202020202020203c68333e456469742c20706f6c6973682c20616e64207075626c6973683c2f68333e0a202020202020202020202020202020203c703e557365206f757220656469746f7220746f2072657772697465207061726167726170687320616e6420706f6c6973682075702073656e74656e6365732e205468656e2c206a75737420636f707920616e642070617374652074686520776f726b20696e746f20796f757220434d5320666f72207075626c697368696e672e3c2f703e0a202020202020202020202020202020203c2f6469763e0a2020202020202020202020203c2f6469763e0a2020202020202020202020203c2f6469763e0a2020202020202020202020203c212d2d20456e6420436f6c202d2d3e0a0a2020202020202020202020203c64697620636c6173733d22636f6c2d6c672d37223e0a2020202020202020202020203c696d6720636c6173733d22696d672d666c75696420696d672d737465707322207372633d2268747470733a2f2f636f6e7665727465722e677074646f6d61696e652e636f6d2f696d616765732f73686f77636173652f696d67342e706e672220616c743d22496d616765204465736372697074696f6e223e0a2020202020202020202020203c2f6469763e0a2020202020202020202020203c212d2d20456e6420436f6c202d2d3e0a20202020202020203c2f6469763e0a20202020202020203c212d2d20456e6420526f77202d2d3e0a0a20202020202020203c64697620636c6173733d22706f736974696f6e2d6162736f6c75746520746f702d302073746172742d3020772d31303020772d6c672d363520682d363520682d6c672d3130302062672d6c6967687420726f756e6465642d33207a692d6e31206d732d6e35223e3c2f6469763e0a20202020202020203c2f6469763e0a202020203c2f6c693e0a202020203c2f756c3e0a202020203c212d2d20456e64204c6973742053746570202d2d3e0a3c2f6469763e0a3c64697620636c6173733d22636f6e7461696e657220636f6e74656e742d73706163652d3220636f6e74656e742d73706163652d6c672d3320636f6e74656e742d73706163652d742d6c672d342062672d7061747465726e206d742d313020726f756e646564223e0a202020203c64697620636c6173733d22772d6c672d373520746578742d63656e746572206d782d6c672d6175746f223e0a2020202020203c68313e526561647920546f204c6576656c2055703f3c2f68313e0a2020202020203c7020636c6173733d226d622d3720666f6e742d3230223e57726974652031302074696d6573206661737465722c2063617074697661746520796f75722061756469656e63652c3c62723e20616e6420636f6e717565722077726974657226233033393b7320626c6f636b20666f7220676f6f642e3c2f703e0a2020202020203c64697620636c6173733d226d622d30223e0a20202020202020203c6120636c6173733d2262746e2062746e2d6461726b2062746e2d706f696e7465722220687265663d2268747470733a2f2f636f6e7665727465722e677074646f6d61696e652e636f6d2f7369676e7570223e47657420537461727465643c2f613e0a2020202020203c2f6469763e0a202020203c2f6469763e0a3c2f6469763e, '2023-05-26 01:01:26', '2023-05-26 01:01:26'),
(2, 'terms', 'Terms & Conditions', NULL, '2023-05-26 01:01:26', '2023-05-26 01:01:26'),
(3, 'policy', 'Privacy Policy', NULL, '2023-05-26 01:01:26', '2023-05-26 01:01:26');

-- --------------------------------------------------------

--
-- Table structure for table `password_resets`
--

CREATE TABLE `password_resets` (
  `email` varchar(255) NOT NULL,
  `token` varchar(255) NOT NULL,
  `created_at` timestamp NULL DEFAULT NULL
) ENGINE=InnoDB DEFAULT CHARSET=utf8mb4 COLLATE=utf8mb4_unicode_ci;

-- --------------------------------------------------------

--
-- Table structure for table `personal_access_tokens`
--

CREATE TABLE `personal_access_tokens` (
  `id` bigint(20) UNSIGNED NOT NULL,
  `tokenable_type` varchar(255) NOT NULL,
  `tokenable_id` bigint(20) UNSIGNED NOT NULL,
  `name` varchar(255) NOT NULL,
  `token` varchar(64) NOT NULL,
  `abilities` text DEFAULT NULL,
  `last_used_at` timestamp NULL DEFAULT NULL,
  `expires_at` timestamp NULL DEFAULT NULL,
  `created_at` timestamp NULL DEFAULT NULL,
  `updated_at` timestamp NULL DEFAULT NULL
) ENGINE=InnoDB DEFAULT CHARSET=utf8mb4 COLLATE=utf8mb4_unicode_ci;

-- --------------------------------------------------------

--
-- Table structure for table `projects`
--

CREATE TABLE `projects` (
  `id` bigint(20) UNSIGNED NOT NULL,
  `uuid` char(50) NOT NULL,
  `type` varchar(255) DEFAULT 'content',
  `user_id` bigint(20) UNSIGNED NOT NULL,
  `name` text NOT NULL,
  `metadata` longtext CHARACTER SET utf8mb4 COLLATE utf8mb4_bin DEFAULT NULL CHECK (json_valid(`metadata`)),
  `content` blob DEFAULT NULL,
  `template_id` bigint(20) UNSIGNED DEFAULT NULL,
  `deleted` tinyint(4) NOT NULL DEFAULT 0,
  `created_at` timestamp NULL DEFAULT NULL,
  `updated_at` timestamp NULL DEFAULT NULL
) ENGINE=InnoDB DEFAULT CHARSET=utf8mb4 COLLATE=utf8mb4_unicode_ci;

--
-- Dumping data for table `projects`
--

INSERT INTO `projects` (`id`, `uuid`, `type`, `user_id`, `name`, `metadata`, `content`, `template_id`, `deleted`, `created_at`, `updated_at`) VALUES
(1, '0419d051-ed3d-4a04-b2be-dfb3f5b0513b', 'content', 5, 'new testing', NULL, NULL, 1, 0, '2023-05-30 16:50:51', '2023-05-30 16:50:51'),
(2, 'a95881ee-fdae-4bcb-bde9-7959cf2d9010', 'content', 5, 'First Blog', NULL, NULL, 2, 0, '2023-05-31 08:07:20', '2023-05-31 08:07:20'),
(3, 'b1b44eae-076e-4ceb-ad06-74dccc05d86d', 'content', 5, 'next one', '{\"field_1\":null}', NULL, 41, 0, '2023-06-03 08:53:38', '2023-06-05 22:00:04'),
(4, 'b2ecfda8-439a-4690-b887-9d71faa79a3f', 'content', 5, 'hhh', NULL, NULL, 42, 0, '2023-06-03 12:05:52', '2023-06-03 12:05:52'),
(5, 'fe7f111f-0429-48ff-8302-dbfb2171064f', 'content', 5, 'ok', '{\"field_2\":\"hello write meta description for tech blog\",\"tone\":\"Professional\",\"language\":\"English\",\"field_1\":\"Wipzent\"}', NULL, 1, 0, '2023-06-05 22:11:42', '2023-06-05 22:12:25'),
(6, 'bde7e971-c92d-42b7-8060-c9d4fcd5efce', 'content', 5, 'ff', '{\"field_2\":\"wipzent logo\",\"field_1\":\"wipzent\",\"tone\":\"Friendly\",\"language\":\"English\"}', NULL, 25, 0, '2023-06-07 00:27:41', '2023-07-09 22:08:46'),
(7, '3ac4f199-b7bb-4eb6-beb2-c0da4b6f3be6', 'content', 8, 'test', '{\"field_1\":null}', NULL, 4, 0, '2023-06-10 01:27:55', '2023-06-10 01:28:07'),
(8, '3fc42f0f-71c7-4e9a-9a9e-f3f5b9404437', 'content', 8, 'random', '{\"field_1\":null}', NULL, 4, 0, '2023-06-10 01:46:38', '2023-06-10 01:50:02'),
(9, '5787b8a0-772d-4f8f-bbb4-de968872ba0a', 'content', 7, '1', '{\"field_1\":null}', NULL, 54, 0, '2023-06-16 19:43:07', '2023-06-16 19:43:15'),
(10, '84d9f1bb-232d-45a5-b574-480fe2a69f00', 'content', 5, 'new one', '{\"tone\":\"Relaxed\",\"language\":\"English\",\"field_1\":\"game\"}', NULL, 53, 0, '2023-06-18 14:06:57', '2023-06-18 14:07:18'),
(11, '8a1084a8-bfa6-4d7e-a52e-0d04c57277f1', 'content', 9, 'test 1', NULL, NULL, 8, 0, '2023-06-18 22:23:40', '2023-06-18 22:23:40'),
(12, '240c1225-76e5-4c3c-bb1d-73db44c3a6bc', 'content', 9, 'test 1', '{\"field_2\":\"random points about ai\"}', NULL, 8, 0, '2023-06-18 22:23:41', '2023-06-18 22:24:17'),
(13, 'b0859642-485b-425f-a3ca-3d6d334d1727', 'content', 2, 'zxz', NULL, NULL, 55, 0, '2023-07-08 08:19:59', '2023-07-08 08:19:59'),
(14, 'd286d628-484c-4cdb-a9fc-8c4188fbecef', 'image', 5, 'fv', NULL, NULL, NULL, 0, '2023-07-09 20:16:08', '2023-07-09 20:16:08'),
(15, '3cf77087-3be0-40b6-bfc8-88298f03cd84', 'content', 13, 'hghg', NULL, NULL, 56, 0, '2023-07-10 17:20:25', '2023-07-10 17:20:25'),
(16, 'd1310214-bff2-4ccf-adc4-b51a3031a4d9', 'content', 13, 'hi', NULL, NULL, 56, 0, '2023-07-10 17:21:37', '2023-07-10 17:21:37'),
(17, '578da69b-6eae-4bb7-9c08-3477eab2d43e', 'content', 13, 'hi', '{\"field_1\":\"AA\",\"tone\":\"Friendly\",\"language\":\"Brezhoneg\"}', NULL, 56, 0, '2023-07-10 17:21:50', '2023-07-10 17:22:02'),
(18, 'ff7547d4-df81-4174-93bb-f286ec9bd43d', 'content', 13, 'nik', NULL, NULL, 56, 0, '2023-07-10 19:25:03', '2023-07-10 19:25:03'),
(19, 'e91c77e4-d1a3-49c5-ae35-71f225f396fc', 'content', 13, 'as', NULL, NULL, 56, 0, '2023-07-10 19:32:32', '2023-07-10 19:32:32'),
(20, '3cd97c51-01a5-4080-b85c-97e984658800', 'content', 13, 'hi', NULL, NULL, 56, 0, '2023-07-10 19:47:09', '2023-07-10 19:47:09'),
(21, 'bd3ca554-3a45-4a39-8921-1f48d8c9532a', 'content', 5, 'test', '{\"field_1\":\"hell\",\"tone\":\"Friendly\",\"language\":\"English\"}', NULL, 58, 0, '2023-07-10 21:19:06', '2023-07-11 19:53:26'),
(22, 'cad531e4-3b24-4611-9253-bcc03ba2b1fb', 'content', 13, 'nik', NULL, NULL, 53, 0, '2023-07-11 17:24:00', '2023-07-11 17:24:00'),
(23, '57b5d91d-86d8-456b-aa81-39dd37975995', 'content', 13, '100', NULL, NULL, 53, 0, '2023-07-11 17:32:03', '2023-07-11 17:32:03'),
(24, 'dd3f5eb0-c7dd-4fd6-b7c2-2d533bd14f6f', 'content', 13, '10', NULL, NULL, 53, 0, '2023-07-11 18:05:11', '2023-07-11 18:05:11'),
(25, '3e6fe30c-3ebf-4184-9301-5782ea054877', 'content', 13, 'as', NULL, NULL, 53, 0, '2023-07-11 18:18:14', '2023-07-11 18:18:14'),
(26, '5fc9fba2-1758-42e6-b536-94f7fce22eb8', 'content', 13, 'as', '{\"field_1\":\"nikhil\",\"tone\":\"Friendly\",\"language\":\"\\u0939\\u093f\\u0928\\u094d\\u0926\\u0940\"}', NULL, 53, 0, '2023-07-11 18:26:45', '2023-07-11 19:53:11'),
(27, 'ae9667e3-abf5-4591-91d0-42e6bb4b7e74', 'image', 5, 'Coder', '{\"description\":\"A man working on the desk as a coder writing a code on the system anyone can read their code on the screen\",\"style\":\"photography\",\"medium\":\"canvas\",\"filter\":null,\"resolution\":\"512x512\"}', NULL, NULL, 0, '2023-07-11 20:03:59', '2023-07-11 20:03:59'),
(28, '4095533c-0267-49f1-acc4-5b8828dff7a9', 'image', 5, 'Test', NULL, NULL, NULL, 0, '2023-07-12 08:31:49', '2023-07-12 08:31:49'),
(29, '1238cffe-83d0-4f4f-910b-79ee6a6e2802', 'content', 17, 'Something', NULL, NULL, 57, 0, '2023-07-13 18:51:06', '2023-07-13 18:51:06'),
(30, 'b44a90ab-6bab-454b-b931-06212a99e598', 'content', 5, 'as', NULL, NULL, 54, 0, '2023-07-14 17:22:23', '2023-07-14 17:22:23'),
(31, 'cb1ccac7-239e-4e88-989f-af08c0e3e94e', 'content', 5, 'asd', NULL, NULL, 54, 0, '2023-07-14 17:22:42', '2023-07-14 17:22:42'),
(32, 'dd9e928a-ab57-4e09-b7ac-0369c97a146c', 'content', 5, 'test1', NULL, NULL, 55, 0, '2023-07-14 17:25:47', '2023-07-14 17:25:47');

-- --------------------------------------------------------

--
-- Table structure for table `project_contents`
--

CREATE TABLE `project_contents` (
  `id` bigint(20) UNSIGNED NOT NULL,
  `user_id` int(10) UNSIGNED NOT NULL,
  `project_id` int(10) UNSIGNED NOT NULL,
  `content` blob DEFAULT NULL,
  `word_count` decimal(23,2) NOT NULL DEFAULT 0.00,
  `is_saved` int(10) UNSIGNED NOT NULL DEFAULT 0,
  `deleted` int(10) UNSIGNED NOT NULL DEFAULT 0,
  `created_at` timestamp NOT NULL DEFAULT current_timestamp()
) ENGINE=InnoDB DEFAULT CHARSET=utf8mb4 COLLATE=utf8mb4_unicode_ci;

--
-- Dumping data for table `project_contents`
--

INSERT INTO `project_contents` (`id`, `user_id`, `project_id`, `content`, `word_count`, `is_saved`, `deleted`, `created_at`) VALUES
(1, 13, 26, 0xe0a4a8e0a4aee0a4b8e0a58de0a4a4e0a58720e0a4a8e0a4bfe0a496e0a4bfe0a4b22120e0a495e0a588e0a4b8e0a58720e0a4b9e0a58b3f20e0a4aee0a581e0a49de0a58720e0a486e0a4aae0a495e0a58020e0a4aee0a4a6e0a4a620e0a495e0a58020e0a59be0a4b0e0a582e0a4b0e0a4a420e0a4b9e0a5882c20e0a487e0a482e0a497e0a58de0a4b2e0a4bfe0a4b620e0a4b8e0a58720e0a4b9e0a4bfe0a4a8e0a58de0a4a6e0a58020e0a4aee0a587e0a48220e0a4b8e0a4b9e0a4bee0a4afe0a4a4e0a4be20e0a495e0a4b0e0a58be0a497e0a5873f, '16.00', 0, 0, '2023-07-11 19:52:01'),
(2, 13, 26, 0xe0a4a8e0a4aee0a4b8e0a58de0a4a4e0a58720e0a4a8e0a4bfe0a496e0a4bfe0a4b2e0a5a420e0a495e0a588e0a4b8e0a58720e0a4b9e0a58b3f20e0a4aee0a581e0a49de0a58720e0a486e0a4aae0a495e0a4be20e0a4b8e0a58de0a4b5e0a4bee0a497e0a4a420e0a495e0a4b0e0a4a8e0a58720e0a4aae0a4b020e0a4ace0a4b9e0a581e0a4a420e0a599e0a581e0a4b6e0a58020e0a4b9e0a58b20e0a4b0e0a4b9e0a58020e0a4b9e0a58821, '14.00', 0, 0, '2023-07-11 19:52:18'),
(3, 5, 21, 0x486579207468657265212057656c636f6d6520746f20746f64617927732072616e646f6d20776f726420666163742e2044696420796f75206b6e6f77207468617420746865207465726d2022736572656e646970697479222061637475616c6c792068617320616e20696e746572657374696e67206f726967696e3f20546869732064656c6967687466756c20776f72642077617320666972737420636f696e656420627920486f726163652057616c706f6c6520696e203137353420616674657220686520726561642061205065727369616e2066616972792074616c652063616c6c65642022546865205468726565205072696e636573206f6620536572656e646970222e20496e20746869732073746f72792c207468652070726f7461676f6e6973747320636f6e7374616e746c79206d61646520666f7274756e61746520646973636f766572696573207468726f7567682070757265206c75636b206f72206163636964656e7420617320746865792074726176656c65642061726f756e6420536572656e64697020286e6f7720537269204c616e6b61292e2046617363696e6174696e672c2069736e27742069743f0a0a57686174206d616b657320736572656e646970697479206576656e206d6f7265207370656369616c2069732069747320706f736974697665206d65616e696e67202d2066696e64696e6720736f6d657468696e6720706c656173616e74206f722076616c7561626c6520776974686f7574207370656369666963616c6c79206c6f6f6b696e6720666f722069742e204974206f6674656e2072656665727320746f2074686f736520776f6e64657266756c206d6f6d656e7473207768656e207765207374756d626c652075706f6e20756e657870656374656420747265617375726573206f7220657870657269656e6365732074686174206272696e67206a6f7920696e746f206f7572206c697665732e0a0a536f2072656d656d6265722c206b65657020796f75722065796573206f70656e20616e642073656520696620796f752063616e2073706f7420736f6d6520736572656e64697069746f7573206f6363757272656e6365732068617070656e696e672061726f756e6420796f752e2057686f206b6e6f7773207768617420616d617a696e6720737572707269736573206d6967687420636f6d6520796f7572207761793f205374617920637572696f757320616e6420656d627261636520746865206c6974746c6520776f6e64657273206c696665206272696e677320666f727468210a0a5468616e6b7320666f72206a6f696e696e67206d65206f6e20746869732066756e2d66696c6c6564206a6f75726e6579206f66206b6e6f776c656467652e2057697368696e6720796f75206c6f7473206f6620736572656e64697069746f757320656e636f756e7465727320616865616421, '165.00', 0, 0, '2023-07-11 19:52:21'),
(4, 5, 21, 0x4865792074686572652120486f772061626f75742077652074616b652061206c6974746c65206465746f757220616e64206578706c6f726520746865207265616c6d206f662072616e646f6d6e65737320746f6765746865723f2057656c636f6d6520746f2072616e646f6d2068656c6c2c207768657265206368616f7320726569676e732062757420696e2074686520667269656e646c696573742077617920706f737369626c65210a0a496e207468697320706563756c69617220646f6d61696e2c20756e707265646963746162696c697479206973206f75722067756964696e67207072696e6369706c652e20536974206261636b2c2072656c61782c20616e6420627261636520796f757273656c6620666f7220616e20616476656e7475726520746861742077696c6c2064656679206578706563746174696f6e73206174206576657279207475726e2e2046726f6d2062697a6172726520636f6e766572736174696f6e7320776974682074616c6b696e6720616e696d616c7320746f2066696e64696e672068696464656e2074726561737572657320696e20756e6c696b656c7920706c6163657320e2809320686572652c20616e797468696e672063616e2068617070656e210a0a4275742066656172206e6f743b206465737069746520697473206e616d652c2072616e646f6d2068656c6c206973206661722066726f6d206265696e6720616e20756e667269656e646c7920706c6163652e20596f75276c6c2066696e64206b696e642d686561727465642063726561747572657320706f7070696e672075702061726f756e64206561636820636f726e657220726561647920746f20677265657420796f75207769746820736d696c657320616e64206c617567687465722e20437572696f736974792066696c6c732074686520616972206173206c6f63616c73207368617265207468656972206372617a696573742073746f72696573206f722073686f77636173652074686569722074616c656e7473206279206a7567676c696e6720666c616d696e6720746f7263686573206f6e20756e696379636c65732e0a0a4f6e65206d6f6d656e7420796f75206d6179207374756d626c652075706f6e2061207768696d736963616c2074656120706172747920686f7374656420627920656363656e74726963206368617261637465727320646f6e6e696e67206d69736d61746368656420736f636b7320616e6420706f6c6b612d646f7420686174732e20546865206e65787420696e7374616e7420636f756c642072657665616c2073656372657420706f7274616c73206c656164696e6720696e746f20706172616c6c656c2064696d656e73696f6e732066696c6c656420776974682076696272616e7420636f6c6f727320616e64206d656c6f64696f75732074756e657320636f6d706f736564206578636c75736976656c79206279206d697363686965766f757320636c6f7564732e0a0a576865746865722069742773206368617474696e672077697468206d75736963616c20666c6f77657273206f7220656e676167696e6720696e20696d70726f6d7074752064616e63652d6f666673206f726368657374726174656420627920677261766974792d64656679696e67206265696e67732c20726573742061737375726564207468617420796f7572206a6f75726e6579207468726f7567682072616e646f6d2068656c6c2077696c6c206265206e6f7468696e672073686f7274206f6620756e666f726765747461626c6520e28093206a757374206c696b652077696e6e696e672061206f6e652d6c656767656420706f7461746f207361636b207261636520616761696e737420756e69636f726e20726964657273210a0a536f206c6561766520616e7920707265636f6e63657074696f6e7320626568696e6420617320796f75207374657020666f6f7420696e746f20746869732065787472616f7264696e6172792064696d656e73696f6e206272696d6d696e6720776974682064656c6967687466756c206d61646e6573732e20456d62726163652074686520756e65787065637465642074776973747320616e64207475726e732062656361757365206368616e636573206172652074686579276c6c206c65616420796f7520746f206d6f6d656e7473206f662070757265206a6f7920e2809320616674657220616c6c2c2073757270726973657320617265206b6e6f776e20666f7220737072696e6b6c696e67206d616769632064757374206f6e746f206f7572206c697665732e0a0a456e6a6f7920796f75722074696d65206578706c6f72696e672074686973207761636b7920776f6e6465726c616e642063616c6c65642072616e646f6d2068656c6c21204d6179206974206272696e6720656e646c657373206c617567687465722c20746872696c6c696e6720616476656e74757265732c20616e6420667269656e64736869707320666f7267656420616d696473742073686172656420706563756c69617269746965732e, '278.00', 0, 0, '2023-07-11 19:53:34');

-- --------------------------------------------------------

--
-- Table structure for table `project_templates`
--

CREATE TABLE `project_templates` (
  `id` bigint(20) UNSIGNED NOT NULL,
  `category` int(10) UNSIGNED NOT NULL,
  `name` varchar(100) NOT NULL,
  `description` text DEFAULT NULL,
  `subcategory` text DEFAULT NULL,
  `metadata` longtext CHARACTER SET utf8mb4 COLLATE utf8mb4_bin DEFAULT NULL CHECK (json_valid(`metadata`)),
  `plan_id` text DEFAULT '1' COMMENT 'plan id comma seprated',
  `status` enum('active','inactive') NOT NULL DEFAULT 'active',
  `deleted` tinyint(4) NOT NULL DEFAULT 0,
  `created_at` timestamp NULL DEFAULT NULL,
  `updated_at` timestamp NULL DEFAULT NULL
) ENGINE=InnoDB DEFAULT CHARSET=utf8mb4 COLLATE=utf8mb4_unicode_ci;

--
-- Dumping data for table `project_templates`
--

INSERT INTO `project_templates` (`id`, `category`, `name`, `description`, `subcategory`, `metadata`, `plan_id`, `status`, `deleted`, `created_at`, `updated_at`) VALUES
(1, 1, 'blog ideas', 'Get ideas for your blog in minutes - all we need is your brand name and description.', NULL, '{\n                \"field_1\": {\n                    \"type\": \"input\",\n                    \"title\": \"Brand Name\",\n                    \"description\": \"Generate blog ideas for a brand known as\",\n                    \"placeholder\": \"e.g. write.ai\"\n                },\n                \"field_2\": {\n                    \"type\": \"textarea\",\n                    \"title\": \"Describe your product\",\n                    \"description\": \"The product/brand is\",\n                    \"placeholder\": \"e.g a copywriter powered by ai that assists small business owners and entrepreneurs.\"\n                }\n            }', '0', 'active', 0, '2023-05-26 01:01:26', '2023-05-26 01:01:26'),
(2, 1, 'blog intro', 'Jump into a whole first draft of your blog intro in minutes  all we need is your title and topic.', NULL, '{\n                \"field_1\": {\n                    \"type\": \"input\",\n                    \"title\": \"What is your blog title?\",\n                    \"description\": \"Write an intro paragraph for a blog titled\",\n                    \"placeholder\": \"e.g. 5 reasons why working with ai is the future\"\n                },\n                \"field_2\": {\n                    \"type\": \"textarea\",\n                    \"title\": \"What is the blog about?\",\n                    \"description\": \"The main objective of the blog is\",\n                    \"placeholder\": \"e.g. a blog about how ai is expected to change how people work\"\n                }\n            }', '0', 'active', 0, '2023-05-26 01:01:26', '2023-05-26 01:01:26'),
(3, 1, 'blog outline', 'Get an outline of your blog post in minutes  all we need is your title and topic.', NULL, '{\n                \"field_1\": {\n                    \"type\": \"input\",\n                    \"title\": \"What is your blog title?\",\n                    \"description\": \"Write a blog title and outline about\",\n                    \"placeholder\": \"e.g. 5 reasons why working with ai is the future\"\n                },\n                \"field_2\": {\n                    \"type\": \"textarea\",\n                    \"title\": \"What is the blog about?\",\n                    \"description\": \"The entire blog is about\",\n                    \"placeholder\": \"e.g. 5 reasons why working with ai is the future\"\n                }\n            }', '0', 'active', 0, '2023-05-26 01:01:26', '2023-05-26 01:01:26'),
(4, 1, 'blog title', 'Generate blog titles for your blog in minutes  all we need is a description of your niche(s).', NULL, '{\n                \"field_1\": {\n                    \"type\": \"textarea\",\n                    \"title\": \"What niche(s) are you in?\",\n                    \"description\": \"Generate blog titles in the following niche(s)\",\n                    \"placeholder\": \"e.g. ai writing, sports, dog food\"\n                }\n            }', '0', 'active', 0, '2023-05-26 01:01:26', '2023-05-26 01:01:26'),
(5, 1, 'keyword generator', 'Generate keywords for your blog in minutes  all we need is a description of your niche(s).', NULL, '{\n                \"field_1\": {\n                    \"type\": \"textarea\",\n                    \"title\": \"What niche(s) are you in?\",\n                    \"description\": \"Generate keywords in the following niche(s)\",\n                    \"placeholder\": \"e.g. ai writing, sports, dog food\"\n                }\n            }', '0', 'active', 0, '2023-05-26 01:01:26', '2023-05-26 01:01:26'),
(6, 1, 'product descriptions', 'Generate product descriptions for your blog in minutes  all we need is your description.', NULL, '{\n                \"field_1\": {\n                    \"type\": \"input\",\n                    \"title\": \"What is your product called?\",\n                    \"description\": \"Generate product descriptions for a product known as\",\n                    \"placeholder\": \"e.g. Product X\"\n                },\n                \"field_2\": {\n                    \"type\": \"textarea\",\n                    \"title\": \"Describe your product\",\n                    \"description\": \"The product is\",\n                    \"placeholder\": \"e.g a a smartphone charging solution that can charge your smartphone in just 30 minutes.\"\n                }\n            }', '0', 'active', 0, '2023-05-26 01:01:26', '2023-05-26 01:01:26'),
(7, 1, 'blog section', 'Generate a section of your blog in minutes  all we need is your title and topic.', NULL, '{\n                \"field_1\": {\n                    \"type\": \"input\",\n                    \"title\": \"blog topic\",\n                    \"description\": \"Write a blog paragraph about\",\n                    \"placeholder\": \"e.g. 5 reasons why working with ai is the future\"\n                },\n                \"field_2\": {\n                    \"type\": \"textarea\",\n                    \"title\": \"what is the main point of the paragraph\",\n                    \"description\": \"The main point of the paragraph is to\",\n                    \"placeholder\": \"e.g. Introduce ai, what it means, when the idea was conceptualized and how it works.\"\n                }\n            }', '0', 'active', 0, '2023-05-26 01:01:26', '2023-05-26 01:01:26'),
(8, 0, 'freestyle', 'Prompt the AI to write about anything - all we need is a description of what you want.', NULL, '{\n                \"field_1\": {\n                    \"type\": \"input\",\n                    \"title\": \"What do you want to create?\",\n                    \"description\": \"Create a\",\n                    \"placeholder\": \"e.g. a cover letter for an employment opportunity\"\n                },\n                \"field_2\": {\n                    \"type\": \"textarea\",\n                    \"title\": \"Which points do you want to be covered?\",\n                    \"description\": \"Cover the following points:\",\n                    \"placeholder\": \"e.g. Create an outline first\"\n                }\n            }', '0', 'active', 0, '2023-05-26 01:01:26', '2023-05-26 01:01:26'),
(9, 1, 'landing page', 'The main copy that drives traffic to your page and helps you convert leads.', NULL, '{\n                    \"field_1\": {\n                        \"type\": \"input\",\n                        \"title\": \"Site/Brand Name\",\n                        \"description\": \"Generate sales landing page content for a site known as\",\n                        \"placeholder\": \"e.g. write.ai\"\n                    },\n                    \"field_2\": {\n                        \"type\": \"textarea\",\n                        \"title\": \"Describe your brand, target audience, features and benefits\",\n                        \"description\": \"The product/brand is\",\n                        \"placeholder\": \"e.g a copywriter powered by ai that assists small business owners and entrepreneurs. Its main target audience are small business owners, entrepreneurs and social media managers. etc.\"\n                    }\n                }', '0', 'active', 0, '2023-05-26 01:01:26', '2023-05-26 01:01:26'),
(10, 1, 'Website headlines and slogans', 'Generate headlines and slogans that convert traffic to customers.', NULL, '{\n                    \"field_1\": {\n                        \"type\": \"input\",\n                        \"title\": \"Brand Name\",\n                        \"description\": \"Generate a short website headline on one line and a slogan on the other line and separate the lines with a line break tag i.e <br> and put a full stop at the end of each sentence. The site/brand is known as\",\n                        \"placeholder\": \"e.g. write.ai\"\n                    },\n                    \"field_2\": {\n                        \"type\": \"textarea\",\n                        \"title\": \"Describe your brand\",\n                        \"description\": \"The product/brand is\",\n                        \"placeholder\": \"e.g a copywriter powered by ai that assists small business owners and entrepreneurs.\"\n                    }\n                }', '0', 'active', 0, '2023-05-26 01:01:26', '2023-05-26 01:01:26'),
(11, 1, 'Meta titles and descriptions', 'Generate SEO meta titles and descriptions.', NULL, '{\n                    \"field_1\": {\n                        \"type\": \"textarea\",\n                        \"title\": \"Describe product or service\",\n                        \"description\": \"Generate SEO meta title and description. Make sure that you separate and indicate the line that is a meta title and the line that is a meta description at the beginning of the line. The site/brand is known as\",\n                        \"placeholder\": \"e.g. write.ai\"\n                    },\n                    \"field_2\": {\n                        \"type\": \"textarea\",\n                        \"title\": \"Keywords\",\n                        \"description\": \"The main keywords for this product/brand are\",\n                        \"placeholder\": \"e.g ai, copywriting, article writing etc.\"\n                    }\n                }', '0', 'active', 0, '2023-05-26 01:01:26', '2023-05-26 01:01:26'),
(12, 2, 'Facebook Ads', 'Generate compelling Facebook ads that converts traffic.', NULL, '{\n                    \"field_1\": {\n                        \"type\": \"input\",\n                        \"title\": \"Brand Name\",\n                        \"description\": \"Generate a facebook ad copy for a site/brand known as\",\n                        \"placeholder\": \"e.g. write.ai\"\n                    },\n                    \"field_2\": {\n                        \"type\": \"textarea\",\n                        \"title\": \"Keywords\",\n                        \"description\": \"The product/brand is\",\n                        \"placeholder\": \"e.g a copywriter powered by ai that assists small business owners and entrepreneurs.\"\n                    }\n                }', '0', 'active', 0, '2023-05-26 01:01:26', '2023-05-26 01:01:26'),
(13, 2, 'Google Ads', 'Generate compelling google ads that converts traffic.', NULL, '{\n                    \"field_1\": {\n                        \"type\": \"input\",\n                        \"title\": \"Brand Name\",\n                        \"description\": \"Generate a google ad copy for a site/brand known as\",\n                        \"placeholder\": \"e.g. write.ai\"\n                    },\n                    \"field_2\": {\n                        \"type\": \"textarea\",\n                        \"title\": \"Keywords\",\n                        \"description\": \"The product/brand is\",\n                        \"placeholder\": \"e.g a copywriter powered by ai that assists small business owners and entrepreneurs.\"\n                    }\n                }', '0', 'active', 0, '2023-05-26 01:01:26', '2023-05-26 01:01:26'),
(14, 2, 'Instagram Captions', 'Generate compelling instagram captions that converts traffic.', NULL, '{\n                    \"field_1\": {\n                        \"type\": \"input\",\n                        \"title\": \"Brand Name\",\n                        \"description\": \"Generate an instagram caption for a site/brand known as\",\n                        \"placeholder\": \"e.g. write.ai\"\n                    },\n                    \"field_2\": {\n                        \"type\": \"textarea\",\n                        \"title\": \"Keywords\",\n                        \"description\": \"The product/brand is\",\n                        \"placeholder\": \"e.g a copywriter powered by ai that assists small business owners and entrepreneurs.\"\n                    }\n                }', '0', 'active', 0, '2023-05-26 01:01:26', '2023-05-26 01:01:26'),
(15, 3, 'Email Copy', 'Generate compelling instagram captions that converts traffic.', NULL, '{\n                    \"field_1\": {\n                        \"type\": \"textarea\",\n                        \"title\": \"Describe the main purpose of the email\",\n                        \"description\": \"Generate an email whose main purpose is to\",\n                        \"placeholder\": \"e.g. write.ai\"\n                    },\n                    \"field_2\": {\n                        \"type\": \"textarea\",\n                        \"title\": \"Keywords\",\n                        \"description\": \"The keywords are\",\n                        \"placeholder\": \"e.g ai, copywriter, content generator etc.\"\n                    }\n                }', '0', 'active', 0, '2023-05-26 01:01:26', '2023-05-26 01:01:26'),
(16, 3, 'Press Release', 'Generate compelling and newsworthy press releases for business.', NULL, '{\n                    \"field_1\": {\n                        \"type\": \"input\",\n                        \"title\": \"Brand Name\",\n                        \"description\": \"Generate a press release with 300-400 words whose main purpose is to\",\n                        \"placeholder\": \"e.g. write.ai\"\n                    },\n                    \"field_2\": {\n                        \"type\": \"textarea\",\n                        \"title\": \"Describe the services you offer and or the announcement\",\n                        \"description\": \"The contents of the press release are\",\n                        \"placeholder\": \"e.g we are an ai powered content generator for small businesses and entrepreneurs. From our data, 80% of businesses experienced exceptional business growth after utilizing our tool. We expect that product roll outs during the second quarter of our calendar will increase growth tremendously.\"\n                    }\n                }', '0', 'active', 0, '2023-05-26 01:01:26', '2023-05-26 01:01:26'),
(17, 3, 'Launch Product', 'Create buzz for your new product by generating engaging emails.', NULL, '{\n                    \"field_1\": {\n                        \"type\": \"input\",\n                        \"title\": \"Brand Name\",\n                        \"description\": \"Generate an email to build anticipation for a product/service known as\",\n                        \"placeholder\": \"e.g. write.ai\"\n                    },\n                    \"field_2\": {\n                        \"type\": \"textarea\",\n                        \"title\": \"Describe the main points of the email\",\n                        \"description\": \"The contents of the email are\",\n                        \"placeholder\": \"e.g we are an ai powered content generator for small businesses and entrepreneurs. 80% of businesses experienced exceptional business growth after utilizing our tool.\"\n                    }\n                }', '0', 'active', 0, '2023-05-26 01:01:26', '2023-05-26 01:01:26'),
(18, 3, 'Cold Emails', 'Send out cold emails that capture your recipients\' attention.', NULL, '{\n                    \"field_1\": {\n                        \"type\": \"textarea\",\n                        \"title\": \"Email Content\",\n                        \"description\": \"Generate a cold email with the following points\",\n                        \"placeholder\": \"Information about the recipient, goal of the email, description of your product etc.\"\n                    }\n                }', '0', 'active', 0, '2023-05-26 01:01:26', '2023-05-26 01:01:26'),
(19, 3, 'Client Testimonials', 'Generate and share client reviews about your product to convert more leads.', NULL, '{\n                    \"field_1\": {\n                        \"type\": \"textarea\",\n                        \"title\": \"Email Content\",\n                        \"description\": \"Generate a customer showcase email to send to prospective clients showing them the advantages of my product/service. Use the following points:\",\n                        \"placeholder\": \"Introduce your product/service, indicate customer name, their background and how your product/service helped them in the 3rd person\"\n                    }\n                }', '0', 'active', 0, '2023-05-26 01:01:26', '2023-05-26 01:01:26'),
(20, 2, 'Twitter Captions', 'Generate compelling twitter captions that converts traffic.', NULL, '{\n                    \"field_1\": {\n                        \"type\": \"input\",\n                        \"title\": \"Brand Name\",\n                        \"description\": \"Generate a twitter caption for a site/brand known as\",\n                        \"placeholder\": \"e.g. write.ai\"\n                    },\n                    \"field_2\": {\n                        \"type\": \"textarea\",\n                        \"title\": \"Keywords\",\n                        \"description\": \"The product/brand is\",\n                        \"placeholder\": \"e.g a copywriter powered by ai that assists small business owners and entrepreneurs.\"\n                    }\n                }', '0', 'active', 0, '2023-05-26 01:01:26', '2023-05-26 01:01:26'),
(21, 2, 'Social Media Bio', 'Write a short bio for that captivates your audience.', NULL, '{\n                    \"field_1\": {\n                        \"type\": \"textarea\",\n                        \"title\": \"What are the main points you want to cover\",\n                        \"description\": \"Generate a social media bio with the following points:\",\n                        \"placeholder\": \"e.g. I work in the xyz field, love dogs and currently building @abc_corp\"\n                    }\n                }', '0', 'active', 0, '2023-05-26 01:01:26', '2023-05-26 01:01:26'),
(22, 4, 'Cover Letter', 'Generate a cover letter for your ideal job.', NULL, '{\n                    \"field_1\": {\n                        \"type\": \"textarea\",\n                        \"title\": \"What are the main points you want to cover\",\n                        \"description\": \"Generate a cover letter with the following points:\",\n                        \"placeholder\": \"e.g. I have 5 years experience as a software developer in FAANG companies etc.\"\n                    }\n                }', '0', 'active', 0, '2023-05-26 01:01:26', '2023-05-26 01:01:26'),
(23, 4, 'Rejection Letter', 'Generate a polite rejection letter when turning down candidates.', NULL, '{\n                    \"field_1\": {\n                        \"type\": \"textarea\",\n                        \"title\": \"What are the main points you want to cover\",\n                        \"description\": \"Generate a rejection letter with the following points:\",\n                        \"placeholder\": \"e.g. - Candidate name: John Doe - applied position: junior software developer, - rejection reason: not the best fit.\"\n                    }\n                }', '0', 'active', 0, '2023-05-26 01:01:26', '2023-05-26 01:01:26'),
(24, 4, 'Business proposal', 'Generate a business proposal for prospecting clients.', NULL, '{\n                    \"field_1\": {\n                        \"type\": \"textarea\",\n                        \"title\": \"What are the main points you want to cover\",\n                        \"description\": \"Generate a business proposal with the following points:\",\n                        \"placeholder\": \"e.g. - Company name: ABC Corp - Our services: we offer software development service, - Goal of the proposal: To obtain business for revamping the client\'s website.\"\n                    }\n                }', '0', 'active', 0, '2023-05-26 01:01:26', '2023-05-26 01:01:26'),
(25, 3, 'Newsletter', 'Generate an email newsletter that keeps your clients and leads updated.', NULL, '{\n                    \"field_1\": {\n                        \"type\": \"input\",\n                        \"title\": \"Brand Name\",\n                        \"description\": \"Generate an email newsletter for a product/service known as\",\n                        \"placeholder\": \"e.g. write.ai\"\n                    },\n                    \"field_2\": {\n                        \"type\": \"textarea\",\n                        \"title\": \"Describe the main points of the newsletter\",\n                        \"description\": \"The contents of the newsletter are\",\n                        \"placeholder\": \"e.g - We are unveiling version 2.0. - We\'ve hit the 500 customer milestone. - What\'s next for ai?\"\n                    }\n                }', '0', 'active', 0, '2023-05-26 01:01:26', '2023-05-26 01:01:26'),
(26, 4, 'Job Description', 'Find the words to put on the job description for your next hire.', NULL, '{\n                    \"field_1\": {\n                        \"type\": \"textarea\",\n                        \"title\": \"What are the main points you want to cover\",\n                        \"description\": \"Generate a job description with the following points:\",\n                        \"placeholder\": \"e.g. - Company name: ABC Corp - Role: junior software developer, - Ideal candidate: Willing to learn, experience in React, node JS and laravel frameworks, works greatly in a team\"\n                    }\n                }', '0', 'active', 0, '2023-05-26 01:01:26', '2023-05-26 01:01:26'),
(27, 2, 'LinkedIn Post', 'Generate compelling posts that engage your audience.', NULL, '{\n                    \"field_1\": {\n                        \"type\": \"input\",\n                        \"title\": \"Brand Name\",\n                        \"description\": \"Generate a linkedIn post for a site/brand known as\",\n                        \"placeholder\": \"e.g. write.ai\"\n                    },\n                    \"field_2\": {\n                        \"type\": \"textarea\",\n                        \"title\": \"Keywords\",\n                        \"description\": \"The product/brand is\",\n                        \"placeholder\": \"e.g a copywriter powered by ai that assists small business owners and entrepreneurs.\"\n                    }\n                }', '0', 'active', 0, '2023-05-26 01:01:26', '2023-05-26 01:01:26'),
(28, 2, 'Twitter Thread', 'Generate engaging threads that resonate with your audience.', NULL, '{\n                    \"field_1\": {\n                        \"type\": \"textarea\",\n                        \"title\": \"What are the main points you want to cover\",\n                        \"description\": \"Generate a twitter thread with the following points:\",\n                        \"placeholder\": \"\"\n                    }\n                }', '0', 'active', 0, '2023-05-26 01:01:26', '2023-05-26 01:01:26'),
(29, 2, 'Content Calendar', 'Generate a content calendar for a brand or service.', NULL, '{\n                    \"field_1\": {\n                        \"type\": \"input\",\n                        \"title\": \"Brand Name\",\n                        \"description\": \"Generate a well formatted content calendar for a site/brand known as\",\n                        \"placeholder\": \"e.g. write.ai\"\n                    },\n                    \"field_2\": {\n                        \"type\": \"textarea\",\n                        \"title\": \"Keywords\",\n                        \"description\": \"The product/brand is\",\n                        \"placeholder\": \"e.g a copywriter powered by ai that assists small business owners and entrepreneurs.\"\n                    }\n                }', '0', 'active', 0, '2023-05-26 01:01:26', '2023-05-26 01:01:26'),
(30, 1, 'Article generator', 'Generate an engaging article that relates to your audience.', NULL, '{\n                    \"field_1\": {\n                        \"type\": \"input\",\n                        \"title\": \"Title\",\n                        \"description\": \"Generate an article whose title is:\",\n                        \"placeholder\": \"e.g. write.ai\"\n                    },\n                    \"field_2\": {\n                        \"type\": \"textarea\",\n                        \"title\": \"What is the article about?\",\n                        \"description\": \"The article is about:\",\n                        \"placeholder\": \"e.g Top 5 business destinations in Africa and the cost of living in these cities.\"\n                    }\n                }', '0', 'active', 0, '2023-05-26 01:01:26', '2023-05-26 01:01:26'),
(31, 4, 'Internal Memo', 'Generate an internal memo to a specific department or team.', NULL, '{\n                    \"field_1\": {\n                        \"type\": \"input\",\n                        \"title\": \"Department/Team Addressed\",\n                        \"description\": \"Generate an internal memo addressed to the following department or team: \",\n                        \"placeholder\": \"e.g. Sales and marketing team\"\n                    },\n                    \"field_2\": {\n                        \"type\": \"textarea\",\n                        \"title\": \"Describe the content of the memo\",\n                        \"description\": \"The memo contains the following information:\",\n                        \"placeholder\": \"\"\n                    }\n                }', '0', 'active', 0, '2023-05-26 01:01:26', '2023-05-26 01:01:26'),
(32, 4, 'Product Brochure', 'Generate a product brochure for your product or services.', NULL, '{\n                    \"field_1\": {\n                        \"type\": \"input\",\n                        \"title\": \"Brand/Product\",\n                        \"description\": \"Generate an product brochure for a brand or product known as: \",\n                        \"placeholder\": \"e.g. xyz product\"\n                    },\n                    \"field_2\": {\n                        \"type\": \"textarea\",\n                        \"title\": \"Describe the features of the product or service\",\n                        \"description\": \"The product/service contains the following features:\",\n                        \"placeholder\": \"\"\n                    }\n                }', '0', 'active', 0, '2023-05-26 01:01:26', '2023-05-26 01:01:26'),
(33, 4, 'Survey Questionnaire', 'Generate a questionnaire for your business.', NULL, '{\n                    \"field_1\": {\n                        \"type\": \"input\",\n                        \"title\": \"Survey Objective\",\n                        \"description\": \"Generate a survey questionnaire with the following objective: \",\n                        \"placeholder\": \"\"\n                    },\n                    \"field_2\": {\n                        \"type\": \"textarea\",\n                        \"title\": \"Describe the content of the survey\",\n                        \"description\": \"The survey should contain the following information:\",\n                        \"placeholder\": \"\"\n                    }\n                }', '0', 'active', 0, '2023-05-26 01:01:26', '2023-05-26 01:01:26'),
(34, 2, 'Instagram Hashtags', 'Generate engaging instagram hashtags.', NULL, '{\n                    \"field_1\": {\n                        \"type\": \"input\",\n                        \"title\": \"Brand Name\",\n                        \"description\": \"Generate instagram hashtags for a site/brand known as\",\n                        \"placeholder\": \"e.g. write.ai\"\n                    },\n                    \"field_2\": {\n                        \"type\": \"textarea\",\n                        \"title\": \"Keywords\",\n                        \"description\": \"The hashtags should cover the following areas:\",\n                        \"placeholder\": \"e.g ai writing, copywriting, ai\"\n                    }\n                }', '0', 'active', 0, '2023-05-26 01:01:26', '2023-05-26 01:01:26'),
(35, 2, 'YouTube Tags', 'Generate engaging youtube tags.', NULL, '{\n                    \"field_1\": {\n                        \"type\": \"input\",\n                        \"title\": \"Brand Name\",\n                        \"description\": \"Generate engaging youtube tags for a site/brand known as\",\n                        \"placeholder\": \"e.g. write.ai\"\n                    },\n                    \"field_2\": {\n                        \"type\": \"textarea\",\n                        \"title\": \"Keywords\",\n                        \"description\": \"The youtube tags should cover the following areas:\",\n                        \"placeholder\": \"e.g ai writing, copywriting, ai\"\n                    }\n                }', '0', 'active', 0, '2023-05-26 01:01:26', '2023-05-26 01:01:26'),
(36, 1, 'Grammar Checker', 'Check the grammar of your content easily.', NULL, '{\n                    \"field_1\": {\n                        \"type\": \"textarea\",\n                        \"title\": \"Paste your content here\",\n                        \"description\": \"Check the grammer of this content and correct it if necessary:\",\n                        \"placeholder\": \"\"\n                    }\n                }', '0', 'active', 0, '2023-05-26 01:01:26', '2023-05-30 09:34:37'),
(37, 1, 'blog conclusion', 'Generate the conclusion for your blog post  all we need is your title and topic.', NULL, '{\n                    \"field_1\": {\n                        \"type\": \"input\",\n                        \"title\": \"What is your blog title?\",\n                        \"description\": \"Write the conclusion paragraph for a blog titled\",\n                        \"placeholder\": \"e.g. 5 reasons why working with ai is the future\"\n                    },\n                    \"field_2\": {\n                        \"type\": \"textarea\",\n                        \"title\": \"What is the blog about?\",\n                        \"description\": \"The main objective of the blog is\",\n                        \"placeholder\": \"e.g. a blog about how ai is expected to change how people work\"\n                    }\n                }', '0', 'active', 0, '2023-05-26 01:01:26', '2023-06-01 09:14:58'),
(38, 1, 'Content Rewrite', 'Rewrite your content conveniently - Just paste you existing content.', NULL, '{\n                    \"field_1\": {\n                        \"type\": \"textarea\",\n                        \"title\": \"Paste your content here\",\n                        \"description\": \"Rewrite this content:\",\n                        \"placeholder\": \"\"\n                    }\n                }', '0', 'active', 0, '2023-05-26 01:01:26', '2023-06-01 09:14:58'),
(39, 1, 'Content Summary', 'Summarize your content conveniently - Just paste you existing content.', NULL, '{\n                    \"field_1\": {\n                        \"type\": \"textarea\",\n                        \"title\": \"Paste your content here\",\n                        \"description\": \"Summarize this content:\",\n                        \"placeholder\": \"\"\n                    }\n                }', '0', 'active', 0, '2023-05-26 01:01:26', '2023-06-01 09:14:58'),
(40, 1, 'FAQ Generator', 'Generate relevant FAQs and their answers for your product/service.', NULL, '{\n                    \"field_1\": {\n                        \"type\": \"textarea\",\n                        \"title\": \"Provide info about your product and service\",\n                        \"description\": \"Generate FAQs for this product and services based on this information:\",\n                        \"placeholder\": \"\"\n                    }\n                }', '0', 'active', 0, '2023-05-26 01:01:26', '2023-06-01 09:14:16'),
(41, 5, 'Etsy', 'testing prompt to see if it works free one', NULL, '{\"field_1\":{\"type\":\"textarea\",\"title\":\"Etsy Neural Marketing Product Description and Store generator\",\"description\":\"Write me etsy product description containing something to do here\",\"placeholder\":\"Insert as much details as you can about your product\"}}', '0', 'active', 0, '2023-05-26 01:36:12', '2023-06-01 09:14:16'),
(42, 5, 'testing', 'just for test', NULL, '{\"field_1\":{\"type\":\"input\",\"title\":\"Keyword\",\"description\":\"how to viral video\",\"placeholder\":\"Enter Your keyword\"}}', '0', 'active', 0, '2023-06-03 12:05:22', '2023-06-03 12:06:29'),
(53, 1, 'today Prompt', 'ds', NULL, '{\"field_1\":{\"type\":\"input\",\"title\":\"Keyword\",\"description\":\"say hello\",\"placeholder\":\"Enter Your keyword\"}}', '2', 'active', 0, '2023-06-03 16:07:43', '2023-06-03 16:07:43'),
(54, 3, 'Premium prompt 1', 'Test prompt 1 for premium', NULL, '{\"field_1\":{\"type\":\"textarea\",\"title\":\"Something\",\"description\":\"something random goes here\",\"placeholder\":\"hint type what you want\"}}', '12', 'active', 0, '2023-06-10 01:31:49', '2023-06-10 01:31:49'),
(55, 4, 'Premium prompt 12', 'premium prompt 2', NULL, '{\"field_1\":{\"type\":\"textarea\",\"title\":\"Something 2\",\"description\":\"test prompts\",\"placeholder\":\"hint type what you want 2\"}}', '12', 'active', 0, '2023-06-10 02:34:42', '2023-06-10 17:39:25'),
(56, 2, 'Premium prompt T2 - vol 1', 'Premium prompt T2 - vol 1', NULL, '{\"field_1\":{\"type\":\"textarea\",\"title\":\"Premium prompt T2 - vol 1\",\"description\":\"something goes here\",\"placeholder\":\"hint type what you want\"}}', '13', 'active', 0, '2023-06-10 03:00:52', '2023-06-10 03:00:52'),
(57, 1, 'test 1 prompt', 'test 1 prompt', NULL, '{\"field_1\":{\"type\":\"input\",\"title\":\"Etsy Neural Marketing Product Description and Store generator\",\"description\":\"fdsgdfsgfd\",\"placeholder\":\"Insert as much details as you can about your product\"}}', '19', 'active', 0, '2023-07-08 10:53:47', '2023-07-16 23:36:32'),
(58, 4, 'random one', 'random', NULL, '{\"field_1\":{\"type\":\"input\",\"title\":\"random\",\"description\":\"random prompt to see\",\"placeholder\":\"random\"}}', '19', 'active', 0, '2023-07-10 20:58:15', '2023-07-16 23:36:24'),
(59, 1, 'prompt_1_name', 'new0 desc', NULL, '{\"field_1\":{\"type\":\"input\",\"title\":\"tab1\",\"description\":\"How to make money online\",\"placeholder\":\"enter here\"}}', '1', 'active', 0, '2023-07-14 14:03:55', '2023-07-14 14:03:55'),
(60, 1, 'prompt_2_name', 'new1_desc', NULL, '{\"field_1\":{\"type\":\"textarea\",\"title\":\"tab2\",\"description\":\"How to make money online from mobile\",\"placeholder\":\"enter now\"}}', '1', 'inactive', 0, '2023-07-14 14:03:55', '2023-07-14 14:03:55'),
(61, 2, 'random paid tier 2 prompt', 'random paid tier 2 prompt', NULL, '{\"field_1\":{\"type\":\"input\",\"title\":\"random paid tier 2 prompt\",\"description\":\"random paid tier 2 prompt\",\"placeholder\":\"Insert as much details as you can about your product\"}}', '21', 'active', 0, '2023-07-20 09:37:04', '2023-07-20 09:37:04');

-- --------------------------------------------------------

--
-- Table structure for table `project_template_categories`
--

CREATE TABLE `project_template_categories` (
  `id` bigint(20) UNSIGNED NOT NULL,
  `category_name` varchar(100) NOT NULL,
  `deleted` tinyint(4) NOT NULL DEFAULT 0,
  `created_at` timestamp NULL DEFAULT NULL,
  `updated_at` timestamp NULL DEFAULT NULL
) ENGINE=InnoDB DEFAULT CHARSET=utf8mb4 COLLATE=utf8mb4_unicode_ci;

--
-- Dumping data for table `project_template_categories`
--

INSERT INTO `project_template_categories` (`id`, `category_name`, `deleted`, `created_at`, `updated_at`) VALUES
(1, 'content/SEO', 0, '2023-05-26 01:01:26', '2023-05-26 01:01:26'),
(2, 'social media', 0, '2023-05-26 01:01:26', '2023-05-26 01:01:26'),
(3, 'email/letter', 0, '2023-05-26 01:01:26', '2023-05-26 01:01:26'),
(4, 'business', 0, '2023-05-26 01:01:26', '2023-05-26 01:01:26'),
(5, 'Testing category 1', 0, '2023-05-26 01:33:15', '2023-05-26 01:33:15');

-- --------------------------------------------------------

--
-- Table structure for table `reviews`
--

CREATE TABLE `reviews` (
  `id` bigint(20) UNSIGNED NOT NULL,
  `name` varchar(255) NOT NULL,
  `review` text NOT NULL,
  `image` varchar(255) NOT NULL,
  `status` varchar(128) DEFAULT NULL,
  `created_at` timestamp NULL DEFAULT NULL,
  `updated_at` timestamp NULL DEFAULT NULL
) ENGINE=InnoDB DEFAULT CHARSET=utf8mb4 COLLATE=utf8mb4_unicode_ci;

-- --------------------------------------------------------

--
-- Table structure for table `settings`
--

CREATE TABLE `settings` (
  `key` varchar(255) NOT NULL,
  `value` varchar(255) DEFAULT NULL
) ENGINE=InnoDB DEFAULT CHARSET=utf8mb4 COLLATE=utf8mb4_unicode_ci;

--
-- Dumping data for table `settings`
--

INSERT INTO `settings` (`key`, `value`) VALUES
('company_name', 'GPT'),
('currency', 'USD'),
('date_format', 'd-M-y'),
('email_method', NULL),
('favicon', NULL),
('google_analytics_status', '0'),
('google_analytics_tracking_id', 'admin@demo.com'),
('logo', NULL),
('recaptcha_active', '0'),
('recaptcha_secret_key', NULL),
('recaptcha_site_key', 'password'),
('smtp_encryption', NULL),
('smtp_host', NULL),
('smtp_password', NULL),
('smtp_port', NULL),
('smtp_username', NULL),
('time_format', 'h:i a'),
('timezone', '(UTC-11:00) Pacific/Midway 12:57 pm'),
('title', NULL),
('trial_period', '0'),
('trial_word_limit', '0');

-- --------------------------------------------------------

--
-- Table structure for table `subscription_plans`
--

CREATE TABLE `subscription_plans` (
  `id` bigint(20) UNSIGNED NOT NULL,
  `name` varchar(100) NOT NULL,
  `description` text DEFAULT NULL,
  `subscription_ids` text DEFAULT NULL,
  `monthly_price` decimal(23,10) NOT NULL,
  `yearly_price` decimal(23,10) NOT NULL,
  `words` int(10) UNSIGNED DEFAULT NULL,
  `minutes` int(11) DEFAULT NULL,
  `image_count` int(11) DEFAULT NULL,
  `file_size` int(11) DEFAULT NULL,
  `max_prompt` int(11) DEFAULT NULL COMMENT 'empty fo unlimited',
  `yearly_access` int(11) NOT NULL DEFAULT 0 COMMENT 'default Monthly(0)',
  `yearly_token` int(11) NOT NULL DEFAULT 0,
  `monthly_token` int(11) NOT NULL DEFAULT 0,
  `trial_token` int(11) NOT NULL DEFAULT 0,
  `status` enum('active','inactive','deleted') NOT NULL,
  `editional_token_price` varchar(255) DEFAULT NULL,
  `allow_export` int(11) DEFAULT 0,
  `allow_copy` int(111) NOT NULL DEFAULT 0
) ENGINE=InnoDB DEFAULT CHARSET=utf8mb4 COLLATE=utf8mb4_unicode_ci;

--
-- Dumping data for table `subscription_plans`
--

INSERT INTO `subscription_plans` (`id`, `name`, `description`, `subscription_ids`, `monthly_price`, `yearly_price`, `words`, `minutes`, `image_count`, `file_size`, `max_prompt`, `yearly_access`, `yearly_token`, `monthly_token`, `trial_token`, `status`, `editional_token_price`, `allow_export`, `allow_copy`) VALUES
(1, 'FREE', 'Free plan', NULL, '0.0000000000', '0.0000000000', 500, 100, 10, 16, NULL, 0, 100, 10, 0, 'deleted', NULL, 1, 0),
(2, 'Premium', 'All Features are available', NULL, '30.0000000000', '300.0000000000', NULL, NULL, NULL, 30, NULL, 0, 100, 10, 7, 'deleted', NULL, 1, 0),
(12, 'Free test mimic paid', 'test', NULL, '0.0000000000', '0.0000000000', 0, 0, 0, 0, 200, 0, 100, 10, 0, 'deleted', NULL, 1, 0),
(13, 'Premium 2', 'Premium 2', NULL, '300.0000000000', '300.0000000000', 0, 0, 0, 0, NULL, 0, 100, 10, 0, 'deleted', '12', 0, 0),
(14, 'Free plan mimic paid 23', 'test', NULL, '0.0000000000', '0.0000000000', 0, 0, 0, 0, 200, 0, 100, 10, 0, 'deleted', NULL, 0, 0),
(15, 'test', 'hi', NULL, '10.0000000000', '100.0000000000', 100, 100, 100, 100, 100, 1, 100, 10, 0, 'deleted', '120', 1, 0),
(16, 'New test plan 2 with token (mimic paid)', 'New test plan with  2 token (mimic paid)', NULL, '10.0000000000', '50.0000000000', 0, 0, 0, 0, NULL, 0, 100, 10, 0, 'deleted', '1', 0, 1),
(17, 'great plan', 'hello all dev', NULL, '100.0000000000', '1000.0000000000', 100, 10, 1000, 1, NULL, 0, 100, 10, 0, 'deleted', '10', 0, 0),
(18, 'new test plan 11', 'new test plan 11', NULL, '5.0000000000', '45.0000000000', 0, 0, 0, 0, NULL, 0, 100, 10, 0, 'deleted', '1', 1, 0),
(19, 'Pait tier 1', 'Paid taier 1', NULL, '10.0000000000', '100.0000000000', 100, 100, 100, 5, NULL, 0, 1200, 100, 0, 'active', '5', 0, 1),
(20, 'free', 'free', NULL, '0.0000000000', '0.0000000000', 0, 0, 0, 0, NULL, 0, 0, 0, 10, 'active', '1', 0, 0),
(21, 'Paid tier 2', 'Paid tier 2', NULL, '20.0000000000', '200.0000000000', 500, 50, 500, 1, NULL, 0, 1500, 150, 0, 'active', '5', 0, 1);

-- --------------------------------------------------------

--
-- Table structure for table `subscription_plans_logs`
--

CREATE TABLE `subscription_plans_logs` (
  `id` bigint(20) UNSIGNED NOT NULL,
  `subscription_plan_id` int(10) UNSIGNED DEFAULT NULL,
  `user_id` int(10) UNSIGNED DEFAULT NULL,
  `action` enum('purchase','cancel','upgrade','downgrade') NOT NULL,
  `previous_plan_id` int(10) UNSIGNED DEFAULT NULL,
  `timestamp` timestamp NOT NULL DEFAULT current_timestamp()
) ENGINE=InnoDB DEFAULT CHARSET=utf8mb4 COLLATE=utf8mb4_unicode_ci;

-- --------------------------------------------------------

--
-- Table structure for table `sub_categories`
--

CREATE TABLE `sub_categories` (
  `id` bigint(20) UNSIGNED NOT NULL,
  `name` varchar(255) NOT NULL,
  `category_id` varchar(255) NOT NULL,
  `is_deleted` varchar(255) NOT NULL DEFAULT '0',
  `created_at` timestamp NULL DEFAULT NULL,
  `updated_at` timestamp NULL DEFAULT NULL
) ENGINE=InnoDB DEFAULT CHARSET=utf8mb4 COLLATE=utf8mb4_unicode_ci;

-- --------------------------------------------------------

--
-- Table structure for table `tax_rates`
--

CREATE TABLE `tax_rates` (
  `id` int(10) UNSIGNED NOT NULL,
  `name` varchar(255) NOT NULL,
  `type` enum('exclusive','inclusive') NOT NULL DEFAULT 'inclusive',
  `percentage` decimal(5,2) NOT NULL,
  `locations` text DEFAULT NULL,
  `status` enum('active','inactive') NOT NULL DEFAULT 'active',
  `created_at` timestamp NULL DEFAULT NULL,
  `updated_at` timestamp NULL DEFAULT NULL,
  `deleted_at` timestamp NULL DEFAULT NULL
) ENGINE=InnoDB DEFAULT CHARSET=utf8mb4 COLLATE=utf8mb4_unicode_ci;

-- --------------------------------------------------------

--
-- Table structure for table `templates`
--

CREATE TABLE `templates` (
  `id` bigint(20) UNSIGNED NOT NULL,
  `uuid` char(50) NOT NULL,
  `name` varchar(255) NOT NULL,
  `message` blob NOT NULL,
  `status` enum('active','inactive') NOT NULL,
  `deleted` int(10) UNSIGNED NOT NULL DEFAULT 0,
  `created_at` timestamp NULL DEFAULT NULL,
  `updated_at` timestamp NULL DEFAULT NULL
) ENGINE=InnoDB DEFAULT CHARSET=utf8mb4 COLLATE=utf8mb4_unicode_ci;

-- --------------------------------------------------------

--
-- Table structure for table `users`
--

CREATE TABLE `users` (
  `id` bigint(20) UNSIGNED NOT NULL,
  `uuid` char(50) NOT NULL,
  `first_name` varchar(128) DEFAULT NULL,
  `last_name` varchar(128) DEFAULT NULL,
  `email` varchar(100) NOT NULL,
  `password` varchar(100) DEFAULT NULL,
  `role` enum('admin','customer','manager') NOT NULL,
  `billing_information` text DEFAULT NULL,
  `country` varchar(128) DEFAULT NULL,
  `is_verified` tinyint(4) NOT NULL DEFAULT 0,
  `status` enum('active','inactive','deleted') NOT NULL,
  `remember_token` varchar(100) DEFAULT NULL,
  `email_verified_at` datetime DEFAULT NULL,
  `created_at` timestamp NULL DEFAULT NULL,
  `updated_at` timestamp NULL DEFAULT NULL
) ENGINE=InnoDB DEFAULT CHARSET=utf8mb4 COLLATE=utf8mb4_unicode_ci;

--
-- Dumping data for table `users`
--

INSERT INTO `users` (`id`, `uuid`, `first_name`, `last_name`, `email`, `password`, `role`, `billing_information`, `country`, `is_verified`, `status`, `remember_token`, `email_verified_at`, `created_at`, `updated_at`) VALUES
(1, 'f116cb1d-b07e-4570-92f1-430c481e001a', 'John', 'Doe', 'admin@demo.com', '$2y$10$SUob6Hh7YoKlajw52ZlIX.KMVl6C/gmPREk/YQk/VU8w1BbRuslly', 'admin', NULL, NULL, 0, 'active', NULL, NULL, '2023-05-26 01:01:27', '2023-05-26 01:01:27'),
(2, 'f571f49b-7652-4b7c-b558-ab3083354327', 'Test', 'user', 'test@gmail.com', '$2y$10$iCleIJDaktHdlF4kz/Ftu.9DHPqKRYQBr6q9VsmiSGmsZi5oI6eC6', 'customer', NULL, 'Croatia', 0, 'active', NULL, NULL, '2023-05-26 01:37:46', '2023-07-02 13:38:21'),
(3, '1979a626-7b60-464b-a744-13432b60d662', 'Aljosa', 'Raseta', 'owner@reebsy.com', '$2y$10$a.VCyTriqCWfxtXqSU0kZupJo1S9fOrcdOofmT6dR.HYSufrkiTZq', 'admin', NULL, 'Croatia', 0, 'active', NULL, NULL, '2023-05-26 01:44:30', '2023-05-26 01:44:30'),
(4, '15bc6f3f-df5a-44c5-aa6a-16856745538b', 'bla', 'bla', 'aljosaraseta@gmail.com', '$2y$10$yv8dJS2OBXOpdlCx9MK7vuQjCyAQVLkaNSpvvWlyVGm1CViWKQ3MO', 'customer', NULL, 'Croatia', 0, 'active', NULL, NULL, '2023-05-28 23:26:50', '2023-05-28 23:26:50'),
(5, '1f4b16b4-01c8-4e40-a9ba-f3053f181e4a', 'Uday', 'Gupta', 'udaygupta188@gmail.com', '$2y$10$8V96q/D0M/5jhU5e0f//Ee25MM3MIK.CSUvvFipqTX7OO0j3/63vm', 'customer', NULL, NULL, 1, 'active', NULL, NULL, '2023-05-30 15:18:04', '2023-05-30 15:18:04'),
(6, 'ad32ed11-4735-441f-ac82-f0318e843fc8', 'David', 'Moleone', 'davidimoleone@gmail.com', '$2y$10$/z4vlbh9uk5tmY8YgWp/Ve1JaBrRpEHbrz0N12jdAbIwpxvF777GS', 'customer', NULL, 'Brazil', 0, 'active', NULL, NULL, '2023-05-30 23:18:55', '2023-05-30 23:18:55'),
(7, 'f73f3f1d-4045-48b5-923d-f607f38915c9', 'aljosa', 'ra', 'davidmoleone@gmail.com', '$2y$10$DYemwTuCuOSTZlAAs3vEceQE4xA.XtZCUxo5aX2qXIUyJ6/r2xrfm', 'customer', NULL, 'Croatia', 0, 'active', NULL, NULL, '2023-06-08 01:57:58', '2023-06-08 01:57:58'),
(8, '5079153a-5f26-4c89-bdd6-ec360e9f87b4', 'David', 'test', 'koaplayer915@gmail.com', '$2y$10$yGNjyLkndpUqjMQO1bakYO1vBbZ4rltU5v6ocgHbe9kdn7mjCFrcK', 'customer', NULL, 'Croatia', 0, 'active', NULL, NULL, '2023-06-10 01:26:21', '2023-06-10 01:26:21'),
(9, '4cef4b51-963b-44b3-ad0a-fdb8cecab76d', 'David', 'test', 'davidtest@gmail.com', '$2y$10$Qtyy8mMts.C8U.vYi.vRj.YCNGBAnuvVvxy.JYTMxR..aRMrDuJlS', 'customer', NULL, 'Croatia', 0, 'active', NULL, NULL, '2023-06-18 22:18:21', '2023-06-18 22:18:21'),
(10, 'f0c56c45-726f-4e9c-a288-d9d03145122f', 'something', 'doe', 'freemail@gmail.com', '$2y$10$8zyktD52JfuEwlU3yRum.uXRWEURNn9/P6lr4N5i5lszTKKpjeYwa', 'customer', NULL, 'Croatia', 0, 'active', NULL, NULL, '2023-06-25 20:38:58', '2023-06-25 20:38:58'),
(11, 'a40ab6b9-4972-4032-9031-1b2feb15c575', 'a', 'a', 'freeemail@gmail.com', '$2y$10$AAQkD22uLu3qIc/.9VaAx.UUDQ0qlXrACZF2QY/b0oS3Z9zKjNNv.', 'customer', NULL, 'Argentina', 0, 'active', NULL, NULL, '2023-06-25 20:49:32', '2023-06-25 20:49:32'),
(16, 'b42c9557-2188-45f3-be24-8ca3a13b56aa', 'a', 'a', 'newfreemail@gmail.com', '$2y$10$MxDqFiSemcPR6Pf/J18DZ.LZtAMtxPDwn.b1mQdVnbWdLS6D5akwS', 'customer', NULL, 'Croatia', 0, 'active', NULL, NULL, '2023-07-10 20:45:18', '2023-07-10 20:45:18'),
(17, 'd1e37e36-491b-474d-95fa-06071b6503f5', 'Test', 'User', 'testusergpt@gmail.com', '$2y$10$IfX0P9IwRAmvAHoWqwL3m.rYL0hrz6aBJ76c4ss4QNLAumV0rNuHq', 'customer', NULL, 'Croatia', 0, 'active', NULL, NULL, '2023-07-13 15:15:34', '2023-07-13 15:15:34'),
(62, '1bf663af-fd97-416b-a588-99819ca3c966', 'Test', 'Doe', 'doetestingsys@gmail.com', '$2y$10$w2W77xuUlzbe.W2FRXip2O4UYiF5P4w1K1j2ESG2VpIpEmY7nvsIa', 'customer', NULL, 'Croatia', 0, 'active', NULL, NULL, '2023-07-10 15:30:33', '2023-07-15 15:30:33'),
(66, '651f9072-61b5-425b-8347-578046c540b1', 'nikhil', 'patel', 'nikhilt.aatmaninfo@gmail.com', '$2y$10$cCtMeHhn0kh5ufy7Hqw9kulDNmNKz3HHi9TD7fhJiWJfAgQiYL5.S', 'customer', NULL, 'Afghanistan', 0, 'active', NULL, NULL, '2023-07-15 06:16:57', '2023-07-16 06:16:57'),
(67, '7eeedddb-9442-4d66-8d7b-3432fc88e739', 'joe', 'doer', 'doedoer0007@gmail.com', '$2y$10$9JteoUM7wNycVcUsOQt6GO3Ma9OWgMwWklkVTOgCLxH.QttUTK5a.', 'customer', NULL, 'Croatia', 0, 'active', NULL, NULL, '2023-07-16 23:38:16', '2023-07-16 23:38:16'),
(68, '99c420f2-de34-4bf4-ac32-c3d89c2e1c47', 'joe', 'doer 2', 'doedoer00017@gmail.com', '$2y$10$fpTN.TZIvJiQAGFdM/iDn.QA1xEzRGa8nMQ.z5CXIlptucM3cxO2S', 'customer', NULL, 'Croatia', 0, 'active', NULL, NULL, '2023-07-16 23:45:49', '2023-07-16 23:45:49'),
(69, '0ea19e7a-0841-430e-93cf-809a458ea155', 'joe', 'doer', 'doedoer000117@gmail.com', '$2y$10$LZYW7LSoWknVCMcpZu.zzeNkeGs7xoL72aJghrIhZSF65oJtTNdGa', 'customer', NULL, 'Croatia', 0, 'active', NULL, NULL, '2023-07-16 23:48:11', '2023-07-16 23:48:11'),
(70, 'c9a77302-71b9-4a7b-bc57-36bec00f73ae', 'doe', 'doer', 'trytestdoe@gmail.com', '$2y$10$uZQrXJEW.Olf0vVfQt61gejtlIIkbAZ7wSxM4mzdFcosFPJqcqfK.', 'customer', NULL, 'Croatia', 0, 'active', NULL, NULL, '2023-07-16 23:58:58', '2023-07-16 23:58:58'),
(71, 'b6fb0bb1-8a52-4160-84ee-8c976bca4257', 'Something', 'Doe', 'trytestdoe1@gmail.com', '$2y$10$hgPsTvdMB2BkiL64NcuGe.XV8MbfTlFjGhTGNrO18cpRNvqKd5UUG', 'customer', NULL, 'Croatia', 0, 'active', NULL, NULL, '2023-07-20 09:05:04', '2023-07-20 09:05:04'),
(72, '59cfcb3a-ce7b-4047-a213-f437749d99af', 'doer', 'did', 'doetestssystem@gmail.com', '$2y$10$N1PCgN7Ib87CLISZdOh31ehppJazw1lzZTlIrVUCmfN96XErIUlZq', 'customer', NULL, 'Croatia', 0, 'active', NULL, NULL, '2023-07-20 19:57:33', '2023-07-20 19:57:33');

-- --------------------------------------------------------

--
-- Table structure for table `user_subscriptions`
--

CREATE TABLE `user_subscriptions` (
  `id` bigint(20) UNSIGNED NOT NULL,
  `user_id` int(10) UNSIGNED NOT NULL,
  `subscription_id` varchar(255) DEFAULT NULL,
  `plan_id` int(11) DEFAULT NULL,
  `plan_amount` varchar(32) DEFAULT NULL,
  `plan_interval` varchar(16) DEFAULT NULL,
  `payment_processor` varchar(32) DEFAULT NULL,
  `available_token` int(11) NOT NULL DEFAULT 0,
  `created_at` datetime DEFAULT NULL,
  `recurring_at` datetime DEFAULT NULL,
  `cancelled_at` datetime DEFAULT NULL,
  `status` varchar(16) DEFAULT NULL
) ENGINE=InnoDB DEFAULT CHARSET=utf8mb4 COLLATE=utf8mb4_unicode_ci;

--
-- Dumping data for table `user_subscriptions`
--

INSERT INTO `user_subscriptions` (`id`, `user_id`, `subscription_id`, `plan_id`, `plan_amount`, `plan_interval`, `payment_processor`, `available_token`, `created_at`, `recurring_at`, `cancelled_at`, `status`) VALUES
(1, 2, NULL, 13, NULL, 'month', NULL, 21, '2023-05-25 21:37:46', '2023-06-24 21:37:46', NULL, 'active'),
(2, 3, NULL, 1, '0.0000000000', 'year', NULL, 2, '2023-05-25 21:44:30', '2023-06-01 21:44:30', NULL, 'active'),
(3, 4, NULL, 1, '0.0000000000', 'month', NULL, 3, '2023-05-28 19:26:50', '2023-06-27 19:26:50', NULL, 'active'),
(4, 5, 'sub_1NVTSLAueLHsA92uAZh5RE6D', 19, '10.00', 'month', 'stripe', 226, '2023-07-19 06:01:54', '2023-08-19 06:01:49', NULL, 'active'),
(5, 6, NULL, 1, NULL, 'month', NULL, 0, '2023-05-30 19:18:55', '2023-06-29 19:18:55', NULL, 'active'),
(6, 7, NULL, 1, '0.0000000000', 'month', NULL, 0, '2023-06-07 21:57:58', '2023-07-07 21:57:58', NULL, 'active'),
(7, 8, NULL, 12, '0.0000000000', 'month', NULL, 0, '2023-06-09 21:26:21', '2023-07-09 21:26:21', NULL, 'active'),
(8, 9, NULL, 13, '0.0000000000', 'month', NULL, 0, '2023-06-18 18:18:21', '2023-07-18 18:18:21', NULL, 'active'),
(9, 10, NULL, 12, '0.0000000000', 'month', NULL, 0, '2023-06-25 16:38:58', '2023-07-25 16:38:58', NULL, 'active'),
(10, 11, NULL, 14, '0.0000000000', 'month', NULL, 50, '2023-06-25 16:49:32', '2023-07-25 16:49:32', NULL, 'active'),
(11, 12, NULL, 2, NULL, NULL, NULL, 0, NULL, NULL, NULL, 'inactive'),
(12, 13, 'sub_1NSQ8tSAABMYiplFDPACdT8N', 2, '300.00', 'year', 'stripe', 96, '2023-07-10 19:53:11', '2024-07-10 19:53:07', NULL, 'active'),
(15, 16, NULL, 16, '0.0000000000', 'month', NULL, 0, '2023-07-10 20:45:18', '2023-08-09 20:45:18', NULL, 'active'),
(16, 17, 'sub_1NTRNrAueLHsA92uzH46s91d', 16, '10.00', 'month', 'stripe', 97, '2023-07-13 15:24:50', '2023-08-13 15:24:47', NULL, 'active'),
(34, 57, NULL, 2, NULL, NULL, NULL, 100, NULL, NULL, NULL, 'inactive'),
(35, 58, NULL, 2, NULL, NULL, '', 110, NULL, NULL, NULL, 'inactive'),
(36, 59, NULL, 2, NULL, NULL, NULL, 100, NULL, NULL, NULL, 'inactive'),
(37, 60, NULL, 2, NULL, NULL, NULL, 0, NULL, NULL, NULL, 'inactive'),
(38, 61, NULL, 2, NULL, NULL, NULL, 7, NULL, NULL, NULL, 'inactive'),
(39, 62, NULL, 16, NULL, NULL, NULL, 0, NULL, NULL, NULL, 'inactive'),
(40, 63, NULL, 2, NULL, NULL, NULL, 7, NULL, NULL, NULL, 'inactive'),
(41, 64, NULL, 2, NULL, NULL, NULL, 7, NULL, NULL, NULL, 'inactive'),
(42, 65, NULL, 2, NULL, NULL, NULL, 7, NULL, NULL, NULL, 'inactive'),
(43, 66, NULL, 2, NULL, NULL, NULL, 7, NULL, NULL, NULL, 'inactive'),
(44, 67, NULL, 20, NULL, NULL, NULL, 10, NULL, NULL, NULL, 'inactive'),
(45, 68, NULL, 19, NULL, NULL, NULL, 10, NULL, NULL, NULL, 'inactive'),
(46, 69, NULL, 19, NULL, NULL, NULL, 0, NULL, NULL, NULL, 'inactive'),
(47, 70, NULL, 19, NULL, NULL, NULL, 0, NULL, NULL, NULL, 'inactive'),
(48, 71, 'sub_1NVtCAAueLHsA92u4dZgCKCl', 21, '20.00', 'month', 'stripe', 250, '2023-07-20 09:30:57', '2023-08-20 09:30:50', NULL, 'active'),
(49, 72, NULL, 19, NULL, NULL, NULL, 0, NULL, NULL, NULL, 'inactive');

--
-- Indexes for dumped tables
--

--
-- Indexes for table `add_tokens`
--
ALTER TABLE `add_tokens`
  ADD PRIMARY KEY (`id`);

--
-- Indexes for table `audio_contents`
--
ALTER TABLE `audio_contents`
  ADD PRIMARY KEY (`id`);

--
-- Indexes for table `billing_histories`
--
ALTER TABLE `billing_histories`
  ADD PRIMARY KEY (`billing_id`);

--
-- Indexes for table `chat`
--
ALTER TABLE `chat`
  ADD PRIMARY KEY (`id`);

--
-- Indexes for table `chat_contents`
--
ALTER TABLE `chat_contents`
  ADD PRIMARY KEY (`id`);

--
-- Indexes for table `coupons`
--
ALTER TABLE `coupons`
  ADD PRIMARY KEY (`id`),
  ADD KEY `name` (`name`),
  ADD KEY `code` (`code`);

--
-- Indexes for table `email_templates`
--
ALTER TABLE `email_templates`
  ADD PRIMARY KEY (`id`);

--
-- Indexes for table `favorite_templates`
--
ALTER TABLE `favorite_templates`
  ADD PRIMARY KEY (`template_id`,`user_id`);

--
-- Indexes for table `image_contents`
--
ALTER TABLE `image_contents`
  ADD PRIMARY KEY (`id`),
  ADD KEY `document_id` (`document_id`),
  ADD KEY `resolution` (`resolution`),
  ADD KEY `url` (`url`);

--
-- Indexes for table `integrations`
--
ALTER TABLE `integrations`
  ADD PRIMARY KEY (`id`);

--
-- Indexes for table `migrations`
--
ALTER TABLE `migrations`
  ADD PRIMARY KEY (`id`);

--
-- Indexes for table `pages`
--
ALTER TABLE `pages`
  ADD PRIMARY KEY (`id`);

--
-- Indexes for table `password_resets`
--
ALTER TABLE `password_resets`
  ADD PRIMARY KEY (`email`);

--
-- Indexes for table `personal_access_tokens`
--
ALTER TABLE `personal_access_tokens`
  ADD PRIMARY KEY (`id`),
  ADD UNIQUE KEY `personal_access_tokens_token_unique` (`token`),
  ADD KEY `personal_access_tokens_tokenable_type_tokenable_id_index` (`tokenable_type`,`tokenable_id`);

--
-- Indexes for table `projects`
--
ALTER TABLE `projects`
  ADD PRIMARY KEY (`id`);

--
-- Indexes for table `project_contents`
--
ALTER TABLE `project_contents`
  ADD PRIMARY KEY (`id`);

--
-- Indexes for table `project_templates`
--
ALTER TABLE `project_templates`
  ADD PRIMARY KEY (`id`);

--
-- Indexes for table `project_template_categories`
--
ALTER TABLE `project_template_categories`
  ADD PRIMARY KEY (`id`);

--
-- Indexes for table `reviews`
--
ALTER TABLE `reviews`
  ADD PRIMARY KEY (`id`);

--
-- Indexes for table `settings`
--
ALTER TABLE `settings`
  ADD PRIMARY KEY (`key`);

--
-- Indexes for table `subscription_plans`
--
ALTER TABLE `subscription_plans`
  ADD PRIMARY KEY (`id`);

--
-- Indexes for table `subscription_plans_logs`
--
ALTER TABLE `subscription_plans_logs`
  ADD PRIMARY KEY (`id`);

--
-- Indexes for table `sub_categories`
--
ALTER TABLE `sub_categories`
  ADD PRIMARY KEY (`id`);

--
-- Indexes for table `tax_rates`
--
ALTER TABLE `tax_rates`
  ADD PRIMARY KEY (`id`),
  ADD KEY `name` (`name`);

--
-- Indexes for table `templates`
--
ALTER TABLE `templates`
  ADD PRIMARY KEY (`id`);

--
-- Indexes for table `users`
--
ALTER TABLE `users`
  ADD PRIMARY KEY (`id`);

--
-- Indexes for table `user_subscriptions`
--
ALTER TABLE `user_subscriptions`
  ADD PRIMARY KEY (`id`);

--
-- AUTO_INCREMENT for dumped tables
--

--
-- AUTO_INCREMENT for table `add_tokens`
--
ALTER TABLE `add_tokens`
  MODIFY `id` bigint(20) UNSIGNED NOT NULL AUTO_INCREMENT, AUTO_INCREMENT=6;

--
-- AUTO_INCREMENT for table `audio_contents`
--
ALTER TABLE `audio_contents`
  MODIFY `id` int(11) NOT NULL AUTO_INCREMENT;

--
-- AUTO_INCREMENT for table `billing_histories`
--
ALTER TABLE `billing_histories`
  MODIFY `billing_id` bigint(20) UNSIGNED NOT NULL AUTO_INCREMENT, AUTO_INCREMENT=18;

--
-- AUTO_INCREMENT for table `chat`
--
ALTER TABLE `chat`
  MODIFY `id` bigint(20) UNSIGNED NOT NULL AUTO_INCREMENT;

--
-- AUTO_INCREMENT for table `chat_contents`
--
ALTER TABLE `chat_contents`
  MODIFY `id` bigint(20) UNSIGNED NOT NULL AUTO_INCREMENT, AUTO_INCREMENT=3;

--
-- AUTO_INCREMENT for table `coupons`
--
ALTER TABLE `coupons`
  MODIFY `id` int(10) UNSIGNED NOT NULL AUTO_INCREMENT;

--
-- AUTO_INCREMENT for table `email_templates`
--
ALTER TABLE `email_templates`
  MODIFY `id` bigint(20) UNSIGNED NOT NULL AUTO_INCREMENT, AUTO_INCREMENT=7;

--
-- AUTO_INCREMENT for table `image_contents`
--
ALTER TABLE `image_contents`
  MODIFY `id` int(11) NOT NULL AUTO_INCREMENT, AUTO_INCREMENT=4;

--
-- AUTO_INCREMENT for table `integrations`
--
ALTER TABLE `integrations`
  MODIFY `id` bigint(20) UNSIGNED NOT NULL AUTO_INCREMENT, AUTO_INCREMENT=9;

--
-- AUTO_INCREMENT for table `migrations`
--
ALTER TABLE `migrations`
  MODIFY `id` int(10) UNSIGNED NOT NULL AUTO_INCREMENT, AUTO_INCREMENT=41;

--
-- AUTO_INCREMENT for table `pages`
--
ALTER TABLE `pages`
  MODIFY `id` bigint(20) UNSIGNED NOT NULL AUTO_INCREMENT, AUTO_INCREMENT=4;

--
-- AUTO_INCREMENT for table `personal_access_tokens`
--
ALTER TABLE `personal_access_tokens`
  MODIFY `id` bigint(20) UNSIGNED NOT NULL AUTO_INCREMENT;

--
-- AUTO_INCREMENT for table `projects`
--
ALTER TABLE `projects`
  MODIFY `id` bigint(20) UNSIGNED NOT NULL AUTO_INCREMENT, AUTO_INCREMENT=33;

--
-- AUTO_INCREMENT for table `project_contents`
--
ALTER TABLE `project_contents`
  MODIFY `id` bigint(20) UNSIGNED NOT NULL AUTO_INCREMENT, AUTO_INCREMENT=5;

--
-- AUTO_INCREMENT for table `project_templates`
--
ALTER TABLE `project_templates`
  MODIFY `id` bigint(20) UNSIGNED NOT NULL AUTO_INCREMENT, AUTO_INCREMENT=62;

--
-- AUTO_INCREMENT for table `project_template_categories`
--
ALTER TABLE `project_template_categories`
  MODIFY `id` bigint(20) UNSIGNED NOT NULL AUTO_INCREMENT, AUTO_INCREMENT=6;

--
-- AUTO_INCREMENT for table `reviews`
--
ALTER TABLE `reviews`
  MODIFY `id` bigint(20) UNSIGNED NOT NULL AUTO_INCREMENT;

--
-- AUTO_INCREMENT for table `subscription_plans`
--
ALTER TABLE `subscription_plans`
  MODIFY `id` bigint(20) UNSIGNED NOT NULL AUTO_INCREMENT, AUTO_INCREMENT=22;

--
-- AUTO_INCREMENT for table `subscription_plans_logs`
--
ALTER TABLE `subscription_plans_logs`
  MODIFY `id` bigint(20) UNSIGNED NOT NULL AUTO_INCREMENT;

--
-- AUTO_INCREMENT for table `sub_categories`
--
ALTER TABLE `sub_categories`
  MODIFY `id` bigint(20) UNSIGNED NOT NULL AUTO_INCREMENT;

--
-- AUTO_INCREMENT for table `tax_rates`
--
ALTER TABLE `tax_rates`
  MODIFY `id` int(10) UNSIGNED NOT NULL AUTO_INCREMENT;

--
-- AUTO_INCREMENT for table `templates`
--
ALTER TABLE `templates`
  MODIFY `id` bigint(20) UNSIGNED NOT NULL AUTO_INCREMENT;

--
-- AUTO_INCREMENT for table `users`
--
ALTER TABLE `users`
  MODIFY `id` bigint(20) UNSIGNED NOT NULL AUTO_INCREMENT, AUTO_INCREMENT=73;

--
-- AUTO_INCREMENT for table `user_subscriptions`
--
ALTER TABLE `user_subscriptions`
  MODIFY `id` bigint(20) UNSIGNED NOT NULL AUTO_INCREMENT, AUTO_INCREMENT=50;
COMMIT;

/*!40101 SET CHARACTER_SET_CLIENT=@OLD_CHARACTER_SET_CLIENT */;
/*!40101 SET CHARACTER_SET_RESULTS=@OLD_CHARACTER_SET_RESULTS */;
/*!40101 SET COLLATION_CONNECTION=@OLD_COLLATION_CONNECTION */;
